family	ER_prob_present_at_crown	ARD_prob_present_at_crown	ARD_informative	ER_class	ARD_class	classes_agree	both_confident	opposite_confident_calls	in_clade_wide_lost_set
LYS1	0.999996849159107	0.5	False	present	unresolved	False	False	False	False
accA1	0.999995149966915	0.5	False	present	unresolved	False	False	False	False
accA2	0.999895768435553	0.499828016398278	False	present	unresolved	False	False	False	False
accBC	0.999907734893857	0.500000005268552	False	present	unresolved	False	False	False	False
accD1	0.999998791697976	0.5	False	present	unresolved	False	False	False	False
accD2	0.99963681330113	0.499999934872049	False	present	unresolved	False	False	False	False
accD3	0.0335379525375415	0.998155353802469	True	absent	present	False	True	True	True
accD4_2	0.0686855680316164	0.999665290811237	True	unresolved	present	False	False	False	True
accD6	0.999970103574997	0.5	False	present	unresolved	False	False	False	False
aceA	0.997714123651466	0.428902612971542	True	present	unresolved	False	False	False	False
aceAb	0.99999604121774	0.955413128761027	True	present	present	True	True	False	False
aceE	0.999997047282845	0.5	False	present	unresolved	False	False	False	False
ackA	0.999996999334784	0.5	False	present	unresolved	False	False	False	False
acnA	0.999993614942724	0.5	False	present	unresolved	False	False	False	False
acnR	0.0185385348163782	0.0158715126016842	True	absent	absent	True	True	False	True
acpP	0.999990522792893	0.5	False	present	unresolved	False	False	False	False
acpS	0.999981806298967	0.5	False	present	unresolved	False	False	False	False
acsA	0.999999619680343	0.50000000010759	False	present	unresolved	False	False	False	False
add	0.999931209507818	0.5	False	present	unresolved	False	False	False	False
adhA	0.999566045588896	0.989206774825898	True	present	present	True	True	False	False
adhB	0.999936540236879	0.5	False	present	unresolved	False	False	False	False
adhC	0.999968411111894	0.5	False	present	unresolved	False	False	False	False
adhE2	0.999999954919615	0.5	False	present	unresolved	False	False	False	False
adk	0.999999609801225	0.5	False	present	unresolved	False	False	False	False
adoK	0.999993818312855	0.5	False	present	unresolved	False	False	False	False
aftA	0.999998841285336	0.5	False	present	unresolved	False	False	False	False
aftB	0.99999963270906	0.5	False	present	unresolved	False	False	False	False
aftC	0.5	0.5	False	unresolved	unresolved	True	False	False	False
aftD	0.999999669378579	0.5	False	present	unresolved	False	False	False	False
aglA	0.0438325222417341	0.0120049905712211	True	absent	absent	True	True	False	True
ahcY	0.999993816605548	0.5	False	present	unresolved	False	False	False	False
ahpE	0.99995575170964	0.5	False	present	unresolved	False	False	False	False
aidB	0.999857669758184	0.5	False	present	unresolved	False	False	False	False
alaS	0.999999957362001	0.999992535153694	True	present	present	True	True	False	False
ald	0.99994298215886	0.50000222965836	False	present	unresolved	False	False	False	False
aldC	0.999810190204362	0.5	False	present	unresolved	False	False	False	False
aldH	0.279631705855632	0.0205890423568289	True	unresolved	absent	False	False	False	False
alkA	0.119524755608047	0.0739212178248904	True	unresolved	unresolved	True	False	False	True
alkB	0.175493123546757	0.499982208362755	False	unresolved	unresolved	True	False	False	False
alr	0.999999642001171	0.5	False	present	unresolved	False	False	False	False
amiA	0.999998756194044	0.5	False	present	unresolved	False	False	False	False
amiA2	0.588991802189011	0.590098974063008	True	unresolved	unresolved	True	False	False	True
amiB1	0.0249419995943443	1	True	absent	present	False	True	True	True
amiC	0.999998763943481	0.5	False	present	unresolved	False	False	False	False
ansA	0.99998556042825	0.5	False	present	unresolved	False	False	False	False
apa	0.5	0.5	False	unresolved	unresolved	True	False	False	False
apeB	0.999993847356393	0.5	False	present	unresolved	False	False	False	False
apt	0.999999956848847	1	True	present	present	True	True	False	False
arc	0.999996934856615	0.5	False	present	unresolved	False	False	False	False
argA	0.999995118147774	0.5	False	present	unresolved	False	False	False	False
argB	0.999929880473424	0.5	False	present	unresolved	False	False	False	False
argC	0.999968021142966	0.5	False	present	unresolved	False	False	False	False
argD	0.999967800483885	0.5	False	present	unresolved	False	False	False	False
argE	0.999922287194915	0.5	False	present	unresolved	False	False	False	False
argF	0.999925789665876	0.499993618445683	False	present	unresolved	False	False	False	False
argG	0.999935030316009	0.5	False	present	unresolved	False	False	False	False
argH	0.999956638539385	0.5	False	present	unresolved	False	False	False	False
argJ	0.999902175548303	0.500000000016064	False	present	unresolved	False	False	False	False
argK	0.999992817205487	0.499998990804003	False	present	unresolved	False	False	False	False
argR	0.999864182975903	0.5	False	present	unresolved	False	False	False	False
argS	0.999883189667836	0.5	False	present	unresolved	False	False	False	False
aroB	0.999999639125282	0.5	False	present	unresolved	False	False	False	False
aroC	0.999998734604646	0.5	False	present	unresolved	False	False	False	False
aroE	0.999999652616736	0.5	False	present	unresolved	False	False	False	False
aroG	0.99999704596962	0.5	False	present	unresolved	False	False	False	False
aroQ	0.999998729883506	0.5	False	present	unresolved	False	False	False	False
arsA	0.999999958755199	0.5	False	present	unresolved	False	False	False	False
arsA_2	0.999999906262956	0.5	False	present	unresolved	False	False	False	False
arsC	0.500131326424358	0.5	False	unresolved	unresolved	True	False	False	False
asd	0.999992824147393	0.5	False	present	unresolved	False	False	False	False
ask	0.999987524398137	0.5	False	present	unresolved	False	False	False	False
asnB	0.999998761000908	0.5	False	present	unresolved	False	False	False	False
aspB	0.999979449332425	0.492436308330244	True	present	unresolved	False	False	False	False
aspC	0.999898574990872	0.5	False	present	unresolved	False	False	False	False
aspS	0.999999619680343	0.5	False	present	unresolved	False	False	False	False
aspT	0.5	0.5	False	unresolved	unresolved	True	False	False	False
atpA	0.999917565399227	0.5	False	present	unresolved	False	False	False	False
atpB	0.999885236309196	0.5	False	present	unresolved	False	False	False	False
atpC	0.5	0.5	False	unresolved	unresolved	True	False	False	False
atpD	0.5	0.5	False	unresolved	unresolved	True	False	False	False
atpE	0.500000026452529	0.5	False	unresolved	unresolved	True	False	False	False
atpF	0.999885236309196	0.5	False	present	unresolved	False	False	False	False
atpG	0.999691693645332	0.5	False	present	unresolved	False	False	False	False
atpH	0.999919063744114	0.5	False	present	unresolved	False	False	False	False
atsA	0.999930390654739	0.500000000000024	False	present	unresolved	False	False	False	False
baiE	0.999971559390572	0.5	False	present	unresolved	False	False	False	False
bcp	0.999858454199249	0.5	False	present	unresolved	False	False	False	False
bfr	0.361134300940008	0.0069872661000423	True	unresolved	absent	False	False	False	False
bioA	0.999968424416386	0.5	False	present	unresolved	False	False	False	False
bioB	0.999999655643442	0.5	False	present	unresolved	False	False	False	False
bioD	0.999998739002183	0.5	False	present	unresolved	False	False	False	False
bioF	0.99998079926324	0.5	False	present	unresolved	False	False	False	False
birA	0.999734435471657	0.5	False	present	unresolved	False	False	False	False
bla	0.999993815075218	0.5	False	present	unresolved	False	False	False	False
blaI	0.996053579196999	0.5	False	present	unresolved	False	False	False	False
bluB	0.0154851542681262	0.999912233240801	True	absent	present	False	True	True	True
bpa	0.999968773007511	0.5	False	present	unresolved	False	False	False	False
bphI	0.999840978447922	0.5	False	present	unresolved	False	False	False	False
bpoB	0.999915920437626	0.500000039909008	False	present	unresolved	False	False	False	False
bpoC	0.999999652991833	0.499999998244685	False	present	unresolved	False	False	False	False
caeA	0.999993798406365	0.500002044234359	False	present	unresolved	False	False	False	False
carA	0.999980798774556	0.5	False	present	unresolved	False	False	False	False
carB	0.999998742014927	0.5	False	present	unresolved	False	False	False	False
carD	0.999983421720917	0.5	False	present	unresolved	False	False	False	False
catJ	0.999988740878482	0.508889540207297	True	present	unresolved	False	False	False	False
cbiX	0.511192446016433	0.500000809876832	False	unresolved	unresolved	True	False	False	False
cbs	0.999999632709061	0.5	False	present	unresolved	False	False	False	False
ccdA	0.999999655588325	0.5	False	present	unresolved	False	False	False	False
ccsB	0.999996925071969	0.500000000001999	False	present	unresolved	False	False	False	False
ccsX	0.999998784855831	0.5	False	present	unresolved	False	False	False	False
cdd	0.99974516081698	0.5	False	present	unresolved	False	False	False	False
cdoA	0.906264370929428	0.308340246764189	True	unresolved	unresolved	True	False	False	False
cdsA	0.999988063793733	0.5	False	present	unresolved	False	False	False	False
celA1	0.999985846455593	0.947639559055166	True	present	unresolved	False	False	False	False
ceoB	0.99999324970503	0.5	False	present	unresolved	False	False	False	False
ceoC	0.999980032025804	0.5	False	present	unresolved	False	False	False	False
cfp6	0.999987384083124	0.5	False	present	unresolved	False	False	False	False
chlI	1	1	True	present	present	True	True	False	False
choD	0.999968447670525	1	True	present	present	True	True	False	False
cinA	0.99999963270906	0.5	False	present	unresolved	False	False	False	False
citA	0.999988285497004	0.999999999906087	True	present	present	True	True	False	False
citE	0.0229711130709608	0.999999033964312	True	absent	present	False	True	True	True
cld	0.999988238632042	0.5	False	present	unresolved	False	False	False	False
clgR	0.999926210838428	0.5	False	present	unresolved	False	False	False	False
clpB	0.999997038404039	0.5	False	present	unresolved	False	False	False	False
clpC	0.999996850309376	0.5	False	present	unresolved	False	False	False	False
clpL	0.999999958758497	0.5	False	present	unresolved	False	False	False	False
clpP	0.999978655757833	0.5	False	present	unresolved	False	False	False	False
clpS	0.99995612364095	0.5	False	present	unresolved	False	False	False	False
clpX	0.99999362903054	0.5	False	present	unresolved	False	False	False	False
cmk	0.999998831595423	0.499999999999999	False	present	unresolved	False	False	False	False
cmrA	0.999996978819111	0.5	False	present	unresolved	False	False	False	False
cmtB	1	1	True	present	present	True	True	False	False
coaA	0.99999939667672	0.5	False	present	unresolved	False	False	False	False
coaBC	0.999996891543948	0.5	False	present	unresolved	False	False	False	False
coaD	0.999999693027858	0.5	False	present	unresolved	False	False	False	False
coaE	0.999988677599635	0.5	False	present	unresolved	False	False	False	False
coaX	0.99999648551211	0.5	False	present	unresolved	False	False	False	False
cobB	0.999999956916932	0.500003071427049	False	present	unresolved	False	False	False	False
cobD	0.51114775546312	0.5	False	unresolved	unresolved	True	False	False	False
cobF	0.999691168343729	0.5	False	present	unresolved	False	False	False	False
cobG	0.999980258145167	0.5	False	present	unresolved	False	False	False	False
cobH	0.999938465989229	0.5	False	present	unresolved	False	False	False	False
cobIJ	0.999976269069803	0.5	False	present	unresolved	False	False	False	False
cobK	0.5	0.5	False	unresolved	unresolved	True	False	False	False
cobL	0.999937826714409	0.5	False	present	unresolved	False	False	False	False
cobM	0.999809301635797	0.5	False	present	unresolved	False	False	False	False
cobN	0.999998401819577	0.5	False	present	unresolved	False	False	False	False
cobO	0.999953694280493	0.5	False	present	unresolved	False	False	False	False
cobQ	0.99999338961348	0.5	False	present	unresolved	False	False	False	False
cobQ2	0.999980799170016	0.5	False	present	unresolved	False	False	False	False
cobS	0.999981417946902	0.5	False	present	unresolved	False	False	False	False
cobT	0.999931501450392	0.5	False	present	unresolved	False	False	False	False
cobU	0.999954222751765	0.5	False	present	unresolved	False	False	False	False
cofC	0.999998265190623	0.5	False	present	unresolved	False	False	False	False
cofD	0.999999632709061	0.5	False	present	unresolved	False	False	False	False
comEA	0.999949635138268	0.5	False	present	unresolved	False	False	False	False
comEC	0.999987523495909	0.5	False	present	unresolved	False	False	False	False
comM	0.999999646428125	0.5	False	present	unresolved	False	False	False	False
corA	0.999990966463586	0.5	False	present	unresolved	False	False	False	False
corC	0.999990295835094	0.5	False	present	unresolved	False	False	False	False
cpaE	0.999849534233324	0.5	False	present	unresolved	False	False	False	False
cpaF	0.99973617868778	0.5	False	present	unresolved	False	False	False	False
crcB	0.999955352261067	0.5	False	present	unresolved	False	False	False	False
crgA	0.999993151657834	0.5	False	present	unresolved	False	False	False	False
crtE	1	1	True	present	present	True	True	False	False
cryz	0.999829125268076	0.5	False	present	unresolved	False	False	False	False
csd	0.999971246946171	0.5	False	present	unresolved	False	False	False	False
csm	0.999996921736651	0.5	False	present	unresolved	False	False	False	False
csoR	0.999991430641554	0.5	False	present	unresolved	False	False	False	False
csp	0.999996914176522	0.500000270788415	False	present	unresolved	False	False	False	False
cspA_1	1	1	True	present	present	True	True	False	False
cspB	0.999987972822511	0.5	False	present	unresolved	False	False	False	False
cstA	0.999307362966649	0.555360617860057	True	present	unresolved	False	False	False	False
ctaA	0.999921447976821	0.5	False	present	unresolved	False	False	False	False
ctaB	0.999980237526926	0.5	False	present	unresolved	False	False	False	False
ctaC	0.999993709833268	0.5	False	present	unresolved	False	False	False	False
ctaD	0.999999609801225	0.500001076539502	False	present	unresolved	False	False	False	False
ctaE	0.999999632709054	0.5	False	present	unresolved	False	False	False	False
ctaF	0.999836653202124	0.5	False	present	unresolved	False	False	False	False
ctc	0.999998733921898	0.5	False	present	unresolved	False	False	False	False
ctpE	0.999988282280822	0.525873787295422	True	present	unresolved	False	False	False	False
cut2	0.999935805459046	0.517860847423166	True	present	unresolved	False	False	False	False
cvpA	0.999999339611587	0.5	False	present	unresolved	False	False	False	False
cwlM	0.999999686063757	0.5	False	present	unresolved	False	False	False	False
cwsA	0.0425352150180144	0.613301419601573	True	absent	unresolved	False	False	False	True
cya	1	1	True	present	present	True	True	False	False
cydA	0.0341021897022402	0.034806462406417	True	absent	absent	True	True	False	True
cydB	0.0445280380055113	0.0684203054356347	True	absent	unresolved	False	False	False	True
cydC	0.0390365726700693	0.0531608864019521	True	absent	unresolved	False	False	False	True
cydD	0.0390365726700693	0.0531608864019521	True	absent	unresolved	False	False	False	True
cynT	0.999982778266756	0.5	False	present	unresolved	False	False	False	False
cyp123A3	0.999968151319339	0.5	False	present	unresolved	False	False	False	False
cyp124A1	0.5	0.5	False	unresolved	unresolved	True	False	False	False
cyp126A3	0.704293985921579	0.779246618143837	True	unresolved	unresolved	True	False	False	False
cyp130	0.999983336545574	0.5	False	present	unresolved	False	False	False	False
cyp138	0.999466924151373	0.5	False	present	unresolved	False	False	False	False
cyp140	0.99990233371541	0.501467750638178	True	present	unresolved	False	False	False	False
cyp142A3	0.500573400052445	0.5	False	unresolved	unresolved	True	False	False	False
cyp51	0.999993825858782	0.498915674884774	True	present	unresolved	False	False	False	False
cysA	0.999980799220201	0.5	False	present	unresolved	False	False	False	False
cysA2	0.827255221529386	0.691163645379578	True	unresolved	unresolved	True	False	False	False
cysD	0.999938761745819	0.5	False	present	unresolved	False	False	False	False
cysG	0.999995149822473	0.5	False	present	unresolved	False	False	False	False
cysH	0.999929730514144	0.5	False	present	unresolved	False	False	False	False
cysK	0.999994993131754	0.5	False	present	unresolved	False	False	False	False
cysN	0.999972913094139	0.500000000000087	False	present	unresolved	False	False	False	False
cysQ	0.999993630678833	0.5	False	present	unresolved	False	False	False	False
cysQ_1	0.999938997685086	0.501274123628075	True	present	unresolved	False	False	False	False
cysS	0.999997958852007	0.5	False	present	unresolved	False	False	False	False
czcD	0.999988273880603	0.500000380446528	False	present	unresolved	False	False	False	False
dac	0.999999619680342	0.500002655477587	False	present	unresolved	False	False	False	False
dacB	0.99999963270906	0.5	False	present	unresolved	False	False	False	False
dacC	0.999999958819607	0.5	False	present	unresolved	False	False	False	False
dagK	0.999976281847864	0.500000000013152	False	present	unresolved	False	False	False	False
dak3	0.998366024991019	0.5	False	present	unresolved	False	False	False	False
dapA	0.999984239792188	0.5	False	present	unresolved	False	False	False	False
dapB	0.500000000788676	0.5	False	unresolved	unresolved	True	False	False	False
dapB_2	0.999903245211044	0.999803019988041	True	present	present	True	True	False	False
dapC	1	1	True	present	present	True	True	False	False
dapD	0.999999640337058	0.50000000161589	False	present	unresolved	False	False	False	False
dapE	0.999999957404288	0.500130143222126	False	present	unresolved	False	False	False	False
dapE2	0.999957170925562	0.5	False	present	unresolved	False	False	False	False
dapF	0.999999659355426	0.5	False	present	unresolved	False	False	False	False
dcd	0.500000000069282	0.5	False	unresolved	unresolved	True	False	False	False
dcsG	0.999631096866823	0.500000000000001	False	present	unresolved	False	False	False	False
ddl	0.999998554751006	0.5	False	present	unresolved	False	False	False	False
ddn	0.999923985704367	0.500000000000008	False	present	unresolved	False	False	False	False
deaD	0.999983269107105	0.5	False	present	unresolved	False	False	False	False
def	0.999999958816029	0.5	False	present	unresolved	False	False	False	False
deoA	0.0318098215585	0.98863549265686	True	absent	present	False	True	True	True
deoC	0.999659930481878	0.5	False	present	unresolved	False	False	False	False
der	0.99999969305729	0.5	False	present	unresolved	False	False	False	False
desA2	0.999998770187279	0.5	False	present	unresolved	False	False	False	False
desA3	0.999999641978716	0.499998904861591	False	present	unresolved	False	False	False	False
desA3_2	0.0593077110321613	0.0054517062534641	True	unresolved	absent	False	False	False	False
devR	0.999847595067427	0.500305039125779	False	present	unresolved	False	False	False	False
dgt	0.999999685978942	0.5	False	present	unresolved	False	False	False	False
dinB	0.999988654513538	0.5	False	present	unresolved	False	False	False	False
dinB_2	0.999996825658723	0.5	False	present	unresolved	False	False	False	False
dinG	0.999998894588892	0.5	False	present	unresolved	False	False	False	False
disA	0.11279426621602	0.0297443396609306	True	unresolved	absent	False	False	False	True
divIC	0.999917154306508	0.5	False	present	unresolved	False	False	False	False
dkgA	0.999989795762448	0.500061022499628	False	present	unresolved	False	False	False	False
dmpA	0.99997031854354	0.500000000000156	False	present	unresolved	False	False	False	False
dnaA	0.999999626311074	0.500973878923345	True	present	unresolved	False	False	False	False
dnaB	0.99994815060627	0.5	False	present	unresolved	False	False	False	False
dnaE	0.99999963270906	0.5	False	present	unresolved	False	False	False	False
dnaE2	0.999999957404288	0.500130143222126	False	present	unresolved	False	False	False	False
dnaG	0.999999974881815	0.5	False	present	unresolved	False	False	False	False
dnaJ	1	1	True	present	present	True	True	False	False
dnaK	0.999999957268061	0.652163328950296	True	present	unresolved	False	False	False	False
dnaN	0.999998126558986	0.5	False	present	unresolved	False	False	False	False
dnaQ	1	1	True	present	present	True	True	False	False
dnaX	0.5	0.5	False	unresolved	unresolved	True	False	False	False
dop	0.999999654463664	0.5	False	present	unresolved	False	False	False	False
doxX	0.0646809565993004	0.205607030436817	True	unresolved	unresolved	True	False	False	True
dprA	0.999998726085786	0.5	False	present	unresolved	False	False	False	False
dprE1	0.5	0.5	False	unresolved	unresolved	True	False	False	False
dprE2	0.5	0.5	False	unresolved	unresolved	True	False	False	False
drrA_2	0.99977761851582	0.5	False	present	unresolved	False	False	False	False
dtd	0.999957924780934	0.5	False	present	unresolved	False	False	False	False
dus	0.999996909575187	0.5	False	present	unresolved	False	False	False	False
dxr	0.999993615651946	0.5	False	present	unresolved	False	False	False	False
dxs	0.999999674689857	0.5	False	present	unresolved	False	False	False	False
eapA	0.99998116774049	0.500000062234223	False	present	unresolved	False	False	False	False
eccB	0.999999609801225	0.500000014304781	False	present	unresolved	False	False	False	False
eccCa	1	1	True	present	present	True	True	False	False
echA1	0.998726945861229	0.500264596880619	False	present	unresolved	False	False	False	False
echA12	0.500027286048183	0.5	False	unresolved	unresolved	True	False	False	False
echA13	0.0385732194822509	1	True	absent	present	False	True	True	True
echA16	0.999993631287947	0.5	False	present	unresolved	False	False	False	False
echA17	0.99999778384	0.5	False	present	unresolved	False	False	False	False
echA19	0.999771283841201	0.5	False	present	unresolved	False	False	False	False
echA20	0.999971489409756	0.5	False	present	unresolved	False	False	False	False
echA21	0.999954667327324	0.5	False	present	unresolved	False	False	False	False
echA3	0.999453989777076	0.5	False	present	unresolved	False	False	False	False
echA4	0.940045907014735	0.774325925995996	True	unresolved	unresolved	True	False	False	False
echA5	0.500285291081444	0.500000000000487	False	unresolved	unresolved	True	False	False	False
echA6	0.99999964800719	0.5	False	present	unresolved	False	False	False	False
echA7	0.999932506917567	0.5	False	present	unresolved	False	False	False	False
echA8	0.999973773508356	0.5	False	present	unresolved	False	False	False	False
echA8_4	0.0656578631169862	0.999772995154348	True	unresolved	present	False	False	False	True
echA8_6	0.999970155990381	0.505043527056671	True	present	unresolved	False	False	False	False
echA9	0.999956092357647	0.5	False	present	unresolved	False	False	False	False
efp	0.99999873442205	0.5	False	present	unresolved	False	False	False	False
efpA	0.999999632709061	0.5	False	present	unresolved	False	False	False	False
egtA	0.0183487918611319	0.999999803516144	True	absent	present	False	True	True	True
egtB	0.0281048365934303	0.0461932746506819	True	absent	absent	True	True	False	True
egtC	0.0230216506895335	0.0321468211052522	True	absent	absent	True	True	False	True
egtD	0.0318098215489718	0.0126447395327279	True	absent	absent	True	True	False	True
egtE	0.0332274200492906	0.0708590263149049	True	absent	unresolved	False	False	False	True
elaA	0.999976251853785	1	True	present	present	True	True	False	False
elrF	0.999995223716583	0.5	False	present	unresolved	False	False	False	False
embA	0.999999974879041	0.5	False	present	unresolved	False	False	False	False
embB	0.999999974879041	0.5	False	present	unresolved	False	False	False	False
embC	0.999999974879041	0.5	False	present	unresolved	False	False	False	False
emrB	0.99999790741491	0.5	False	present	unresolved	False	False	False	False
eno	0.999996786725414	0.5	False	present	unresolved	False	False	False	False
entC	0.999999957742776	0.99999522952278	True	present	present	True	True	False	False
ephA	0.999899890943719	0.5	False	present	unresolved	False	False	False	False
ephE	0.999993577539047	0.5	False	present	unresolved	False	False	False	False
ephG	0.999954184000507	0.5	False	present	unresolved	False	False	False	False
era	0.999996046157174	0.5	False	present	unresolved	False	False	False	False
ercc3	0.999998639995024	0.5	False	present	unresolved	False	False	False	False
erg3	0.999911011494006	0.594671861368099	True	present	unresolved	False	False	False	False
espR	0.999970206009791	0.5	False	present	unresolved	False	False	False	False
esxT	0.0442637141220641	0.0958074307480938	True	absent	unresolved	False	False	False	True
esxU	0.0442637141220641	0.0958074307480938	True	absent	unresolved	False	False	False	True
etfA	0.999998066939539	0.5	False	present	unresolved	False	False	False	False
etfB	0.999996862002671	0.5	False	present	unresolved	False	False	False	False
ethA	0.99999673725523	0.500062261298428	False	present	unresolved	False	False	False	False
fabD	0.999998000918024	0.5	False	present	unresolved	False	False	False	False
fabF	0.5	0.5	False	unresolved	unresolved	True	False	False	False
fabG	0.999998808597836	0.5	False	present	unresolved	False	False	False	False
fabG1	0.999993549729512	0.5	False	present	unresolved	False	False	False	False
fabG3	0.999617489652051	0.500000047162351	False	present	unresolved	False	False	False	False
fabG_1	0.999296217599704	0.5	False	present	unresolved	False	False	False	False
fabK	0.999993755797584	1	True	present	present	True	True	False	False
fadA	0.999981163267346	0.5	False	present	unresolved	False	False	False	False
fadA2	0.999993864023569	0.5	False	present	unresolved	False	False	False	False
fadA3	0.999999600012556	0.5	False	present	unresolved	False	False	False	False
fadA4	0.999950828919478	0.5	False	present	unresolved	False	False	False	False
fadA5	0.99997776445226	0.5	False	present	unresolved	False	False	False	False
fadA6	0.999911012323998	0.5	False	present	unresolved	False	False	False	False
fadB2	0.99999964699527	0.999999900624678	True	present	present	True	True	False	False
fadB4	0.999996911201714	0.5	False	present	unresolved	False	False	False	False
fadD1	0.503030774946454	0.5	False	unresolved	unresolved	True	False	False	False
fadD14	0.509145098681664	0.5	False	unresolved	unresolved	True	False	False	False
fadD15	0.0137284854070681	1	True	absent	present	False	True	True	True
fadD17	0.999971733298927	0.5	False	present	unresolved	False	False	False	False
fadD19	0.508493626421467	0.5	False	unresolved	unresolved	True	False	False	False
fadD2	0.999993593127798	0.5	False	present	unresolved	False	False	False	False
fadD3	0.999993867311647	0.500008499368998	False	present	unresolved	False	False	False	False
fadD32	0.999999609801225	0.5	False	present	unresolved	False	False	False	False
fadD36	0.999996868726925	0.5	False	present	unresolved	False	False	False	False
fadD4	0.999645600484864	0.50000106160612	False	present	unresolved	False	False	False	False
fadD5	0.9963315483895	0.499999796746206	False	present	unresolved	False	False	False	False
fadD6	0.947333987263105	0.630830977412391	True	unresolved	unresolved	True	False	False	False
fadD8	0.999987961975545	0.953442970492225	True	present	present	True	True	False	False
fadD9	0.002912190668793	4.92338308857377e-08	True	absent	absent	True	True	False	True
fadE	0.992045111211503	0.499999999062174	False	present	unresolved	False	False	False	False
fadE12	0.9967281545517	0.0747316230964968	True	present	unresolved	False	False	False	False
fadE12_1	0.0731385070242366	0.493024607570975	True	unresolved	unresolved	True	False	False	True
fadE12_3	0.999938224207747	0.499999999999993	False	present	unresolved	False	False	False	False
fadE13	0.973787021733054	0.499852239551746	False	present	unresolved	False	False	False	False
fadE19	0.99999884550907	0.5	False	present	unresolved	False	False	False	False
fadE2	0.999995213133692	0.986495901328012	True	present	present	True	True	False	False
fadE20	0.999999665757135	0.5	False	present	unresolved	False	False	False	False
fadE21	0.0278653382211107	0.0045950829375767	True	absent	absent	True	True	False	False
fadE23	0.999964545231263	0.499999999999999	False	present	unresolved	False	False	False	False
fadE24	0.999977338412553	0.5	False	present	unresolved	False	False	False	False
fadE25	0.999969883181388	0.5	False	present	unresolved	False	False	False	False
fadE26	0.999953589967917	0.500079311330717	False	present	unresolved	False	False	False	False
fadE27	0.999988792636693	0.50040368552423	False	present	unresolved	False	False	False	False
fadE29	0.999942578797402	0.5	False	present	unresolved	False	False	False	False
fadE31	0.999988792637679	0.5	False	present	unresolved	False	False	False	False
fadE32	0.999948497925168	0.5	False	present	unresolved	False	False	False	False
fadE33	0.999977222281754	0.5	False	present	unresolved	False	False	False	False
fadE34	0.999993800920585	0.500356222096583	False	present	unresolved	False	False	False	False
fadE36	0.0500331486262405	0.0263323634531953	True	unresolved	absent	False	False	False	True
fadE6	0.999996949411204	0.5	False	present	unresolved	False	False	False	False
fadE9	0.999988282302905	0.5	False	present	unresolved	False	False	False	False
fas	0.999999632709061	0.5	False	present	unresolved	False	False	False	False
fba	0.999981263146634	0.536621457793113	True	present	unresolved	False	False	False	False
fbiB	0.999996668227672	0.5	False	present	unresolved	False	False	False	False
fbiC	0.999999642001124	0.5	False	present	unresolved	False	False	False	False
fbpA	0.999987827478232	1	True	present	present	True	True	False	False
fdxA	1	1	True	present	present	True	True	False	False
fdxD	0.999820068149403	0.495500895361541	True	present	unresolved	False	False	False	False
fecB	0.99998730593733	0.5	False	present	unresolved	False	False	False	False
ffh	0.999995188855825	0.5	False	present	unresolved	False	False	False	False
fgd	0.999993780458086	0.5	False	present	unresolved	False	False	False	False
fhaA	0.999966409158069	0.5	False	present	unresolved	False	False	False	False
fhaB	0.999987099572298	0.5	False	present	unresolved	False	False	False	False
fmt	0.505236099863457	0.5	False	unresolved	unresolved	True	False	False	False
fmu	0.999981606623907	0.5	False	present	unresolved	False	False	False	False
folA	0.503602159390265	0.5	False	unresolved	unresolved	True	False	False	False
folB	0.999977343337336	0.5	False	present	unresolved	False	False	False	False
folC	0.999999958782331	0.5	False	present	unresolved	False	False	False	False
folD	0.999998783093812	0.5	False	present	unresolved	False	False	False	False
folE	0.999986492877899	0.5	False	present	unresolved	False	False	False	False
folK	0.999948359844625	0.5	False	present	unresolved	False	False	False	False
folP	0.999992573295968	0.5	False	present	unresolved	False	False	False	False
folP2	0.99999598434337	0.5	False	present	unresolved	False	False	False	False
fpg	0.999999693027858	0.5	False	present	unresolved	False	False	False	False
fprA	0.999999655940378	0.5	False	present	unresolved	False	False	False	False
fprB	0.999995212816016	0.999999999999881	True	present	present	True	True	False	False
frr	0.999980725011435	0.5	False	present	unresolved	False	False	False	False
ftsE	0.999984260323428	0.5	False	present	unresolved	False	False	False	False
ftsH	0.999992734756615	0.5	False	present	unresolved	False	False	False	False
ftsI	0.99999965417757	0.5	False	present	unresolved	False	False	False	False
ftsK	0.999983478014649	0.5	False	present	unresolved	False	False	False	False
ftsQ	0.999991511425765	0.5	False	present	unresolved	False	False	False	False
ftsW	0.999999958755199	0.5	False	present	unresolved	False	False	False	False
ftsX	0.999992633959677	0.5	False	present	unresolved	False	False	False	False
ftsY	0.999996934853212	0.5	False	present	unresolved	False	False	False	False
ftsZ	0.999995149981665	0.5	False	present	unresolved	False	False	False	False
fumC	0.999999958772743	0.5	False	present	unresolved	False	False	False	False
furB	0.999998657432461	0.5	False	present	unresolved	False	False	False	False
fusA	0.500000714421603	0.5	False	unresolved	unresolved	True	False	False	False
fxsA	0.0467524557370254	0.0014544590268338	True	absent	absent	True	True	False	False
gabD1	0.999762830256424	1	True	present	present	True	True	False	False
gabT	0.999998650791178	0.500657310715654	True	present	unresolved	False	False	False	False
gadB	0.999998787150575	0.5	False	present	unresolved	False	False	False	False
galE1	0.999965731783512	0.901856443410059	True	present	unresolved	False	False	False	False
galE2	0.999998755539419	0.5	False	present	unresolved	False	False	False	False
galU	0.999978376583306	0.497187537959639	True	present	unresolved	False	False	False	False
gap	0.999983973299805	0.5	False	present	unresolved	False	False	False	False
garA	0.99999963270906	0.500000004652773	False	present	unresolved	False	False	False	False
gatA	0.999999958801387	0.5	False	present	unresolved	False	False	False	False
gatB	0.999998698531321	0.5	False	present	unresolved	False	False	False	False
gatC	0.999844129056526	0.5	False	present	unresolved	False	False	False	False
gcs2	0.999967671576872	0.500677978191036	True	present	unresolved	False	False	False	False
gcvH	0.999999958630535	0.500000000001715	False	present	unresolved	False	False	False	False
gcvP	0.999999372230571	0.5	False	present	unresolved	False	False	False	False
gcvT	0.999993841054842	0.5	False	present	unresolved	False	False	False	False
gdh	0.999998755878613	0.579280938163832	True	present	unresolved	False	False	False	False
glbO	0.99999691387276	0.5	False	present	unresolved	False	False	False	False
glcB	1	1	True	present	present	True	True	False	False
glf	0.99995735632453	0.5	False	present	unresolved	False	False	False	False
glfT	0.999999632709057	0.5	False	present	unresolved	False	False	False	False
glfT1	0.5	0.5	False	unresolved	unresolved	True	False	False	False
glgA	0.99999960626665	0.500000000002906	False	present	unresolved	False	False	False	False
glgB	0.99997845805322	0.5	False	present	unresolved	False	False	False	False
glgC	0.999999647508949	0.5	False	present	unresolved	False	False	False	False
glgE	0.999926287769309	0.5	False	present	unresolved	False	False	False	False
glgP	0.999999638579495	0.487207804013354	True	present	unresolved	False	False	False	False
glgX_1	0.999999974876393	0.5	False	present	unresolved	False	False	False	False
glmM	0.999996879595988	0.5	False	present	unresolved	False	False	False	False
glmS	0.999999632709059	0.5	False	present	unresolved	False	False	False	False
glmU	0.999998741425195	0.5	False	present	unresolved	False	False	False	False
glnA	0.999999632709058	0.5	False	present	unresolved	False	False	False	False
glnA2	0.99997661980657	0.5	False	present	unresolved	False	False	False	False
glnA4	0.999927805147158	0.5	False	present	unresolved	False	False	False	False
glnB	0.999996934856662	0.5	False	present	unresolved	False	False	False	False
glnD	0.999996949411153	0.5	False	present	unresolved	False	False	False	False
glnE	0.999999515156519	0.5	False	present	unresolved	False	False	False	False
glnH	0.999999632709061	0.5	False	present	unresolved	False	False	False	False
glnQ	0.999930537013343	0.500050506369059	False	present	unresolved	False	False	False	False
glnR	0.999996980531925	0.5	False	present	unresolved	False	False	False	False
gloA	0.999999619680343	0.999989377985507	True	present	present	True	True	False	False
gloB	0.5	0.5	False	unresolved	unresolved	True	False	False	False
glpD	0.999996828790272	0.5	False	present	unresolved	False	False	False	False
glpD1	0.99991233553018	0.500000000000005	False	present	unresolved	False	False	False	False
glpK	0.999999957404288	0.500130143222126	False	present	unresolved	False	False	False	False
glpQ	0.999999957284468	0.999998700869583	True	present	present	True	True	False	False
glpX	0.999999958723934	0.5	False	present	unresolved	False	False	False	False
gltA	0.999966409033011	0.5	False	present	unresolved	False	False	False	False
gltB	0.99999995781171	0.999992222165752	True	present	present	True	True	False	False
gltD	0.999993780186615	0.5	False	present	unresolved	False	False	False	False
gltX	0.99999865079119	0.5	False	present	unresolved	False	False	False	False
glxK	0.999965082417708	0.5	False	present	unresolved	False	False	False	False
glxR	0.999999656029392	0.5	False	present	unresolved	False	False	False	False
glyA	0.999996905417584	0.5	False	present	unresolved	False	False	False	False
glyQS	0.999998755081925	0.5	False	present	unresolved	False	False	False	False
gmk	0.999974821619249	0.5	False	present	unresolved	False	False	False	False
gnd	0.999999956904632	0.511116018809006	True	present	unresolved	False	False	False	False
gpgS	0.999999460359567	0.500668892512047	True	present	unresolved	False	False	False	False
gpm2	0.999998758036109	0.999999952798713	True	present	present	True	True	False	False
gpmA	0.999999654485804	0.5	False	present	unresolved	False	False	False	False
gpmB	1	1	True	present	present	True	True	False	False
gpsA	1	1	True	present	present	True	True	False	False
greA	0.999996907056579	0.500768974463814	True	present	unresolved	False	False	False	False
groL	1	1	True	present	present	True	True	False	False
groS	0.99987695677596	0.5	False	present	unresolved	False	False	False	False
grpE	0.999996908883777	0.5	False	present	unresolved	False	False	False	False
guaA	0.999998781779345	0.5	False	present	unresolved	False	False	False	False
guaB	0.999996879531077	0.5	False	present	unresolved	False	False	False	False
guaB1	0.999998782748818	0.5	False	present	unresolved	False	False	False	False
guaB3	0.99999363259931	0.5	False	present	unresolved	False	False	False	False
gyrA	0.999996934853916	0.5	False	present	unresolved	False	False	False	False
gyrB	0.999999619554248	0.5	False	present	unresolved	False	False	False	False
hadA	0.5	0.5	False	unresolved	unresolved	True	False	False	False
hadB	0.999999642001169	0.5	False	present	unresolved	False	False	False	False
hbhA	0.999988489342276	0.5	False	present	unresolved	False	False	False	False
hdhA	0.999871202007116	0.5	False	present	unresolved	False	False	False	False
helY	0.999999958551276	0.500000015113323	False	present	unresolved	False	False	False	False
hemA	0.999999957800735	0.502052015335492	True	present	unresolved	False	False	False	False
hemB	0.999999957964594	0.999999998434779	True	present	present	True	True	False	False
hemC	0.999998780244954	0.5	False	present	unresolved	False	False	False	False
hemD	1	1	True	present	present	True	True	False	False
hemE	0.999993005195709	0.5	False	present	unresolved	False	False	False	False
hemG	0.999992734756593	0.5	False	present	unresolved	False	False	False	False
hemH	0.999988279129631	0.5	False	present	unresolved	False	False	False	False
hemL	0.999999653373954	0.5	False	present	unresolved	False	False	False	False
hemN	0.999992823830691	0.5	False	present	unresolved	False	False	False	False
hepT	0.999999958551276	0.500000015113323	False	present	unresolved	False	False	False	False
hflK	0.999952489183027	0.499998698874465	False	present	unresolved	False	False	False	False
hflX	0.999988170371802	0.5	False	present	unresolved	False	False	False	False
hisA	0.999980799253701	0.5	False	present	unresolved	False	False	False	False
hisB	0.999993636041152	0.5	False	present	unresolved	False	False	False	False
hisC	0.99999875185794	0.999999914555987	True	present	present	True	True	False	False
hisD	0.999993603068941	0.5	False	present	unresolved	False	False	False	False
hisE	0.999990976702827	0.5	False	present	unresolved	False	False	False	False
hisF	0.999971245935215	0.5	False	present	unresolved	False	False	False	False
hisG	0.999975692534176	0.5	False	present	unresolved	False	False	False	False
hisH	0.999980798943167	0.5	False	present	unresolved	False	False	False	False
hisI	0.999952830221529	0.5	False	present	unresolved	False	False	False	False
hisN	0.999957679303617	0.5	False	present	unresolved	False	False	False	False
hisS	0.999993605805114	0.5	False	present	unresolved	False	False	False	False
hit	0.510293755419516	0.5	False	unresolved	unresolved	True	False	False	False
hlyI	0.999939081100038	0.5	False	present	unresolved	False	False	False	False
hmp	0.949066669174562	0.105386830260961	True	unresolved	unresolved	True	False	False	False
holA	0.999998401816739	0.5	False	present	unresolved	False	False	False	False
holB	0.99998316801137	0.5	False	present	unresolved	False	False	False	False
hom	0.999982047093695	0.5	False	present	unresolved	False	False	False	False
hpf	0.999951502297198	0.5	False	present	unresolved	False	False	False	False
hpt	0.999944571332848	0.5	False	present	unresolved	False	False	False	False
hrcA	0.999993005287415	0.5	False	present	unresolved	False	False	False	False
hsaA	0.999988868375258	0.5	False	present	unresolved	False	False	False	False
hsaB	0.999974587129048	0.5	False	present	unresolved	False	False	False	False
hsaC	0.999981299148225	0.5	False	present	unresolved	False	False	False	False
hsd4A	0.999993877167891	1	True	present	present	True	True	False	False
hsd4B	0.5	0.5	False	unresolved	unresolved	True	False	False	False
hspR	0.999988282303403	0.500000000003594	False	present	unresolved	False	False	False	False
htpX	0.999973173339484	0.5	False	present	unresolved	False	False	False	False
htrA	0.99999995738398	0.99999999919545	True	present	present	True	True	False	False
htrB	0.999996344635974	0.500000000031551	False	present	unresolved	False	False	False	False
hup	0.990813636189246	0.5	False	present	unresolved	False	False	False	False
icaR	0.996280621167083	0.285180932732306	True	present	unresolved	False	False	False	False
icd	0.999998767002404	0.5	False	present	unresolved	False	False	False	False
ideR	0.5	0.5	False	unresolved	unresolved	True	False	False	False
ileS	0.999980790636221	0.5	False	present	unresolved	False	False	False	False
ilvA	0.999985301193254	0.5	False	present	unresolved	False	False	False	False
ilvB	0.999998634465391	0.5	False	present	unresolved	False	False	False	False
ilvC	0.999999648517775	0.99999237719471	True	present	present	True	True	False	False
ilvD	0.99999145900323	0.5	False	present	unresolved	False	False	False	False
ilvE	0.999984961962766	0.5	False	present	unresolved	False	False	False	False
ilvN	0.999993005287593	0.5	False	present	unresolved	False	False	False	False
ilvX	0.999189535899505	0.500000000088043	False	present	unresolved	False	False	False	False
infA	0.999988590935104	0.5	False	present	unresolved	False	False	False	False
infB	0.999999956748892	0.999999620247089	True	present	present	True	True	False	False
infC	0.999969036824184	0.5	False	present	unresolved	False	False	False	False
inhA	0.999993549729512	0.5	False	present	unresolved	False	False	False	False
ino1	0.99999877147561	0.5	False	present	unresolved	False	False	False	False
iscA	0.999968664154273	0.5	False	present	unresolved	False	False	False	False
iscS	0.999999646622012	0.5	False	present	unresolved	False	False	False	False
iscU	0.999939986024858	0.5	False	present	unresolved	False	False	False	False
ispD	0.999997932692987	0.499999999999999	False	present	unresolved	False	False	False	False
ispE	0.999998745181424	0.5	False	present	unresolved	False	False	False	False
ispF	0.999964362602717	0.5	False	present	unresolved	False	False	False	False
ispG	0.999998697988393	0.5	False	present	unresolved	False	False	False	False
ispH	0.999996934855051	0.5	False	present	unresolved	False	False	False	False
iunH	0.795057808245551	0.45931358763493	True	unresolved	unresolved	True	False	False	False
jag	0.999987972817356	0.5	False	present	unresolved	False	False	False	False
kch	0.999829954759055	0.5	False	present	unresolved	False	False	False	False
kdpD	0.0689070245367247	0.0756475544618422	True	unresolved	unresolved	True	False	False	True
kgd	0.999999906262956	0.5	False	present	unresolved	False	False	False	False
kipI	0.999966179379845	0.5	False	present	unresolved	False	False	False	False
korA	0.999986687935456	1	True	present	present	True	True	False	False
korB	0.999964553647185	0.453757767911851	True	present	unresolved	False	False	False	False
ksgA	0.999996693367411	0.5	False	present	unresolved	False	False	False	False
kstD	0.999918136395647	0.5	False	present	unresolved	False	False	False	False
kstR	0.99997731168904	0.5	False	present	unresolved	False	False	False	False
kstR2	0.999854723653072	0.5	False	present	unresolved	False	False	False	False
ku	0.999900442014448	0.5	False	present	unresolved	False	False	False	False
lepA	0.999998650791144	0.5	False	present	unresolved	False	False	False	False
lepB	0.999993162613732	0.5	False	present	unresolved	False	False	False	False
leuA	0.999999729785483	0.5	False	present	unresolved	False	False	False	False
leuB	0.5	0.5	False	unresolved	unresolved	True	False	False	False
leuC	0.999998732739142	0.999998331040961	True	present	present	True	True	False	False
leuD	0.999970956855615	0.5	False	present	unresolved	False	False	False	False
leuS	0.99999995727274	0.999999998436376	True	present	present	True	True	False	False
lexA	0.999997905571454	0.5	False	present	unresolved	False	False	False	False
lgt	0.999860255208595	0.5	False	present	unresolved	False	False	False	False
lhr	0.999996861481431	0.500025222708739	False	present	unresolved	False	False	False	False
ligA	0.999998761143467	0.5	False	present	unresolved	False	False	False	False
ligC	0.994723797320088	0.500000602097804	False	present	unresolved	False	False	False	False
ligD	0.999997009111743	1	True	present	present	True	True	False	False
limB	0.0579690249036521	1	True	unresolved	present	False	False	False	True
limB_5	0.0388449316783361	0.0785877167801543	True	absent	unresolved	False	False	False	True
lin	0.0379440695650102	0.0143911692272347	True	absent	absent	True	True	False	True
lipA	0.999999641840609	0.5	False	present	unresolved	False	False	False	False
lipB	0.999998786341288	0.5	False	present	unresolved	False	False	False	False
lipE	0.999998698531542	0.5	False	present	unresolved	False	False	False	False
lipG	0.5	0.5	False	unresolved	unresolved	True	False	False	False
lipI	0.999952514151477	0.500000181482279	False	present	unresolved	False	False	False	False
lipL	0.999964475205332	0.498652378752093	True	present	unresolved	False	False	False	False
lipN	0.999917232268827	0.971752236949772	True	present	present	True	True	False	False
lipT	0.99999995781171	0.999992222165752	True	present	present	True	True	False	False
lipU	0.999999958572871	0.5	False	present	unresolved	False	False	False	False
lipV	0.99999349333664	0.5	False	present	unresolved	False	False	False	False
lipW	0.994798228608049	0.999999716622545	True	present	present	True	True	False	False
lldD1_1	0.99989020547765	0.5	False	present	unresolved	False	False	False	False
lnt	0.999999619680342	0.5	False	present	unresolved	False	False	False	False
lon	0.50000747494423	0.5	False	unresolved	unresolved	True	False	False	False
lpd	0.999985268812148	0.5	False	present	unresolved	False	False	False	False
lpdA	0.999987249789715	0.418619410838519	True	present	unresolved	False	False	False	False
lppI	0.999970205723744	0.948653889877985	True	present	unresolved	False	False	False	False
lppK	0.999587562357771	0.498420284209741	True	present	unresolved	False	False	False	False
lppL	0.999996929147262	0.5	False	present	unresolved	False	False	False	False
lppM	0.999999642001168	0.5	False	present	unresolved	False	False	False	False
lppS	0.999996469939642	0.5	False	present	unresolved	False	False	False	False
lppW	0.999993498900794	0.500000000618185	False	present	unresolved	False	False	False	False
lppZ	0.999996644346347	0.5	False	present	unresolved	False	False	False	False
lpqB	0.99999996414219	0.5	False	present	unresolved	False	False	False	False
lpqE	0.999998748462069	0.5	False	present	unresolved	False	False	False	False
lpqF	0.999974269181144	0.5	False	present	unresolved	False	False	False	False
lpqG	0.999978945192616	0.5	False	present	unresolved	False	False	False	False
lpqH	0.5	0.5	False	unresolved	unresolved	True	False	False	False
lpqI	0.99999352712901	0.5	False	present	unresolved	False	False	False	False
lpqJ	0.5	0.5	False	unresolved	unresolved	True	False	False	False
lpqL	0.999952853528309	0.5	False	present	unresolved	False	False	False	False
lpqM	0.999993593615619	1	True	present	present	True	True	False	False
lpqR	0.999931915080407	0.5	False	present	unresolved	False	False	False	False
lpqT	0.999995079405997	0.999986232377755	True	present	present	True	True	False	False
lpqU	0.999996780892946	0.5	False	present	unresolved	False	False	False	False
lpqW	0.999998697988391	0.5	False	present	unresolved	False	False	False	False
lpqY	0.999998632654034	0.5	False	present	unresolved	False	False	False	False
lpqZ	0.999990308837361	0.505459683104681	True	present	unresolved	False	False	False	False
lprB	0.999998851580462	0.5	False	present	unresolved	False	False	False	False
lprC	0.999999686063754	0.5	False	present	unresolved	False	False	False	False
lprD	0.9983016646352	0.499999999999995	False	present	unresolved	False	False	False	False
lprE	0.999887585018932	0.5	False	present	unresolved	False	False	False	False
lprG	0.999996882486076	0.500000000120629	False	present	unresolved	False	False	False	False
lprN	0.0003575976904179	0.816020882186668	True	absent	unresolved	False	False	False	True
lprO	0.999891306619463	0.883344873645099	True	present	unresolved	False	False	False	False
lprQ	0.0393156658118663	0.0139563988121805	True	absent	absent	True	True	False	True
lspA	0.999987848944853	0.5	False	present	unresolved	False	False	False	False
lsr2	0.999928023836129	0.5	False	present	unresolved	False	False	False	False
ltbR	0.996995203132187	0.287917873567837	True	present	unresolved	False	False	False	False
ltp2	0.999934409804944	0.5	False	present	unresolved	False	False	False	False
ltp3	0.999744683538116	0.5	False	present	unresolved	False	False	False	False
ltp4	0.999700190324509	0.5	False	present	unresolved	False	False	False	False
lysA	0.99997761277289	0.5	False	present	unresolved	False	False	False	False
lysS	0.999996440791599	0.5	False	present	unresolved	False	False	False	False
lysX	0.999987955532147	0.5	False	present	unresolved	False	False	False	False
lytR2	0.999999434731968	0.5	False	present	unresolved	False	False	False	False
maeB	0.999715657697722	0.500294753203316	False	present	unresolved	False	False	False	False
maf	0.999970458174216	0.500060167039026	False	present	unresolved	False	False	False	False
mak	0.993996430675987	0.936319861308266	True	present	unresolved	False	False	False	False
malQ	0.999988282303499	0.500519212636715	True	present	unresolved	False	False	False	False
manA	0.999990359737543	0.5	False	present	unresolved	False	False	False	False
manB	0.999999654008638	0.5	False	present	unresolved	False	False	False	False
manC	0.999999958738703	0.5	False	present	unresolved	False	False	False	False
map	0.999980735085627	0.5	False	present	unresolved	False	False	False	False
mapA	0.999926565615583	0.5	False	present	unresolved	False	False	False	False
mazG	0.999993576107288	0.5	False	present	unresolved	False	False	False	False
mca	0.999998764174258	0.500087690591642	False	present	unresolved	False	False	False	False
mce	0.99995082237747	0.5	False	present	unresolved	False	False	False	False
mce1A	0.440128447389468	0.0745959250858178	True	unresolved	unresolved	True	False	False	False
mce1B	0.999996846464857	0.5	False	present	unresolved	False	False	False	False
mce1C	0.0558736018507891	0.0329992797612365	True	unresolved	absent	False	False	False	False
mce1F	0.999769203079368	0.5	False	present	unresolved	False	False	False	False
mce2D	0.999915871327569	0.5	False	present	unresolved	False	False	False	False
mce4A	0.0007607078201298	0.841388675415422	True	absent	unresolved	False	False	False	True
mce4B	0.0007625346664061	0.0026400464126736	True	absent	absent	True	True	False	True
mce4C	0.0010498182042058	0.0039790499762503	True	absent	absent	True	True	False	True
mce4D	0.0005271279609366	0.0016649840719693	True	absent	absent	True	True	False	True
mce4F	0.0003722560196441	1	True	absent	present	False	True	True	True
mctB	0.999954921116165	0.499385127384269	True	present	unresolved	False	False	False	False
menA	0.999911816359336	0.5	False	present	unresolved	False	False	False	False
menB	0.999988849590462	0.499999999999987	False	present	unresolved	False	False	False	False
menC	1	1	True	present	present	True	True	False	False
menD	0.999999958724969	0.5	False	present	unresolved	False	False	False	False
menE	0.999993831488597	0.5	False	present	unresolved	False	False	False	False
menG	0.99999876152973	0.5	False	present	unresolved	False	False	False	False
menJ	0.999999958551276	0.500000015113323	False	present	unresolved	False	False	False	False
mepA	0.999996907713347	0.5	False	present	unresolved	False	False	False	False
mer	0.500541474810634	0.5	False	unresolved	unresolved	True	False	False	False
merR1	0.99999963270906	0.500000004652773	False	present	unresolved	False	False	False	False
merR2	0.999996693375667	0.5	False	present	unresolved	False	False	False	False
metB	0.999998731509712	0.500000014271936	False	present	unresolved	False	False	False	False
metG	0.999998054375031	0.5	False	present	unresolved	False	False	False	False
metH	0.999996934856634	0.5	False	present	unresolved	False	False	False	False
metK	0.999998727626111	0.5	False	present	unresolved	False	False	False	False
metXA	0.99999693485665	0.5	False	present	unresolved	False	False	False	False
metY	0.999999642001171	0.5	False	present	unresolved	False	False	False	False
mfd	0.999999632709057	0.5	False	present	unresolved	False	False	False	False
mftE	0.500075825171778	0.5	False	unresolved	unresolved	True	False	False	False
mftR	0.999848276126629	0.5	False	present	unresolved	False	False	False	False
mgtA	0.998693154708644	0.500000000014809	False	present	unresolved	False	False	False	False
mgtE	0.999979396749172	0.5	False	present	unresolved	False	False	False	False
mhpD	0.999942169126279	0.5	False	present	unresolved	False	False	False	False
mhpF	0.999785167406924	0.5	False	present	unresolved	False	False	False	False
mhuD	0.999961409995831	0.5	False	present	unresolved	False	False	False	False
miaA	0.999981653210966	0.5	False	present	unresolved	False	False	False	False
miaB	0.999999611983784	0.5	False	present	unresolved	False	False	False	False
mihF	0.999975696578397	0.5	False	present	unresolved	False	False	False	False
mkl	0.999887661819462	0.5	False	present	unresolved	False	False	False	False
mltG	0.999998744793037	0.5	False	present	unresolved	False	False	False	False
mmpL11	0.999998777729637	0.5	False	present	unresolved	False	False	False	False
mmpL3	0.999999973272956	0.5	False	present	unresolved	False	False	False	False
mmpS3	0.999938789371594	0.5	False	present	unresolved	False	False	False	False
mmsA	0.999999632709061	0.5	False	present	unresolved	False	False	False	False
mmsB	0.999988282303358	0.5	False	present	unresolved	False	False	False	False
mnmA	0.99999963270906	0.5	False	present	unresolved	False	False	False	False
moaA	0.999953590021156	0.500000000172405	False	present	unresolved	False	False	False	False
moaB	0.999980396112431	0.5	False	present	unresolved	False	False	False	False
moaC	0.999969213478846	0.974167939278738	True	present	present	True	True	False	False
moaD2	0.999709396681965	0.50000000857643	False	present	unresolved	False	False	False	False
moaE	0.999969814621709	0.864294034765264	True	present	unresolved	False	False	False	False
mobA	0.999936310398005	0.5	False	present	unresolved	False	False	False	False
moeA	0.99999965261479	1	True	present	present	True	True	False	False
moeB	0.999993482070188	0.500305939632763	False	present	unresolved	False	False	False	False
mog	0.999953909041815	0.980833081583054	True	present	present	True	True	False	False
moxR1	0.999996682922862	0.297524501862024	True	present	unresolved	False	False	False	False
mpg	0.5	0.5	False	unresolved	unresolved	True	False	False	False
mprA	0.999993245630305	0.5	False	present	unresolved	False	False	False	False
mprB	0.999999611979229	0.500002040256822	False	present	unresolved	False	False	False	False
mptA	0.999998768450352	0.5	False	present	unresolved	False	False	False	False
mqo	0.996829346734578	0.999999999956303	True	present	present	True	True	False	False
mraY	0.999996949411192	0.5	False	present	unresolved	False	False	False	False
mraZ	0.999959774790919	0.5	False	present	unresolved	False	False	False	False
mrp	0.999986273363599	0.5	False	present	unresolved	False	False	False	False
mscL	0.500002850205958	0.5	False	unresolved	unresolved	True	False	False	False
mscS	0.999998844744113	0.5	False	present	unresolved	False	False	False	False
mshA	0.99999678818485	0.499999960506254	False	present	unresolved	False	False	False	False
mshB	0.999992433619035	0.500000000004385	False	present	unresolved	False	False	False	False
mshC	0.999998778580812	0.5	False	present	unresolved	False	False	False	False
mshD	0.999996934856011	0.5	False	present	unresolved	False	False	False	False
msrA	0.5	0.5	False	unresolved	unresolved	True	False	False	False
msrB	0.999997059153236	0.5	False	present	unresolved	False	False	False	False
mtc28	0.999998789278361	0.5	False	present	unresolved	False	False	False	False
mtnP	0.773983751852567	0.0754407029663591	True	unresolved	unresolved	True	False	False	False
mtr	0.0550316052676466	0.011147126101874	True	unresolved	absent	False	False	False	False
mtrA	0.99999996414219	0.5	False	present	unresolved	False	False	False	False
mtrB	0.99999996414219	0.5	False	present	unresolved	False	False	False	False
murA	0.5	0.5	False	unresolved	unresolved	True	False	False	False
murB	0.999993818260833	0.5	False	present	unresolved	False	False	False	False
murC	0.999993472834957	0.5	False	present	unresolved	False	False	False	False
murD	0.999998788662161	0.5	False	present	unresolved	False	False	False	False
murE	0.999998758518897	0.5	False	present	unresolved	False	False	False	False
murF	0.999999619680343	0.5	False	present	unresolved	False	False	False	False
murG	0.999999958755199	0.5	False	present	unresolved	False	False	False	False
murI	0.999955642075956	0.500000000021524	False	present	unresolved	False	False	False	False
mutA	0.999996844606895	0.5	False	present	unresolved	False	False	False	False
mutB	0.999996787925515	0.332383535127633	True	present	unresolved	False	False	False	False
mutM1	0.999899406950766	0.511907004817998	True	present	unresolved	False	False	False	False
mutT	0.999987480842392	0.5	False	present	unresolved	False	False	False	False
mutT2	0.999996780723207	0.5	False	present	unresolved	False	False	False	False
mutT3	0.999993580957365	0.500000000000001	False	present	unresolved	False	False	False	False
mutT4	0.999996934856557	0.5	False	present	unresolved	False	False	False	False
mutY	0.999990563802246	0.5	False	present	unresolved	False	False	False	False
mvaB	0.99998165857719	0.5	False	present	unresolved	False	False	False	False
mviN	1	1	True	present	present	True	True	False	False
mycP	0.99993479482798	0.50000969853858	False	present	unresolved	False	False	False	False
mycP4	0.0443879690349956	0.965488410278473	True	absent	present	False	True	True	True
nadA	0.999994731225046	0.5	False	present	unresolved	False	False	False	False
nadB	0.999998723105066	0.500020830860637	False	present	unresolved	False	False	False	False
nadC	0.999991511420901	0.5	False	present	unresolved	False	False	False	False
nadD	0.999999958635634	0.5	False	present	unresolved	False	False	False	False
nadE	0.9999999587442	0.5	False	present	unresolved	False	False	False	False
nadK	0.999998741010623	0.5	False	present	unresolved	False	False	False	False
ndh	1	1	True	present	present	True	True	False	False
ndh1	0.999905702138766	0.999999999999997	True	present	present	True	True	False	False
ndk	0.999993489361647	0.500000028562569	False	present	unresolved	False	False	False	False
nei	0.999363836939755	0.5	False	present	unresolved	False	False	False	False
nei1	0.999999956848847	1	True	present	present	True	True	False	False
nnrD	0.99999963270906	0.5	False	present	unresolved	False	False	False	False
nrdE	0.999976976010641	0.5	False	present	unresolved	False	False	False	False
nrdF	0.500058293711686	0.5	False	unresolved	unresolved	True	False	False	False
nrdH	0.999847674945936	0.5	False	present	unresolved	False	False	False	False
nrdI	0.503559313610326	0.5	False	unresolved	unresolved	True	False	False	False
nrdR	0.5	0.5	False	unresolved	unresolved	True	False	False	False
nrnA	0.956382677465758	0.0662529780504501	True	present	unresolved	False	False	False	False
nt5e	0.999914099870893	0.5	False	present	unresolved	False	False	False	False
nth	0.999997885340091	0.5	False	present	unresolved	False	False	False	False
nucS	0.999929953046442	0.5	False	present	unresolved	False	False	False	False
nudC	0.999955420110257	0.5	False	present	unresolved	False	False	False	False
nudF	0.999993627438646	0.5	False	present	unresolved	False	False	False	False
nudL	0.999999322655462	0.5	False	present	unresolved	False	False	False	False
nuoA	0.99999693485349	0.5	False	present	unresolved	False	False	False	False
nuoB	0.999993577659479	0.5	False	present	unresolved	False	False	False	False
nuoC	0.999999632709048	0.5	False	present	unresolved	False	False	False	False
nuoD	0.99999693485646	0.5	False	present	unresolved	False	False	False	False
nuoE	0.999993820841719	0.5	False	present	unresolved	False	False	False	False
nuoF	0.999981793925795	0.5	False	present	unresolved	False	False	False	False
nuoG	0.999998781150407	0.5	False	present	unresolved	False	False	False	False
nuoH	0.999999655649114	0.5	False	present	unresolved	False	False	False	False
nuoJ	0.999996833780102	0.5	False	present	unresolved	False	False	False	False
nuoK	0.999981157101755	0.5	False	present	unresolved	False	False	False	False
nuoL	0.999999935764695	0.470325898870962	True	present	unresolved	False	False	False	False
nuoM	0.999999442640496	0.500000006494232	False	present	unresolved	False	False	False	False
nusA	0.99998874344818	0.5	False	present	unresolved	False	False	False	False
nusB	0.999996910993648	0.5	False	present	unresolved	False	False	False	False
nusG	0.5	0.5	False	unresolved	unresolved	True	False	False	False
obg	0.999999612492679	0.50000000000316	False	present	unresolved	False	False	False	False
octT	0.999999956652733	0.500003069974263	False	present	unresolved	False	False	False	False
odx	0.5	0.5	False	unresolved	unresolved	True	False	False	False
ogt	0.500000097373626	0.5	False	unresolved	unresolved	True	False	False	False
omt	0.999979338914971	0.5358999848524	True	present	unresolved	False	False	False	False
opcA	0.999930537059748	0.499999999999999	False	present	unresolved	False	False	False	False
oppB	0.500203541025834	0.5	False	unresolved	unresolved	True	False	False	False
oppC	0.999955325727678	0.5	False	present	unresolved	False	False	False	False
oppD	0.999998842541885	0.5	False	present	unresolved	False	False	False	False
orn	0.999888115708899	0.5	False	present	unresolved	False	False	False	False
otsA	0.999996971793398	0.5	False	present	unresolved	False	False	False	False
pabB	0.999998672588885	0.50000001157846	False	present	unresolved	False	False	False	False
pabC	0.999971161228407	0.5	False	present	unresolved	False	False	False	False
pafA	0.999999619051385	0.5000000000001	False	present	unresolved	False	False	False	False
pafB	0.999996690919099	0.5	False	present	unresolved	False	False	False	False
pafC	0.999999654040257	0.5	False	present	unresolved	False	False	False	False
panB	0.999996886161447	0.5	False	present	unresolved	False	False	False	False
panC	0.999992790733748	0.5	False	present	unresolved	False	False	False	False
panD	0.0456097226143015	0.0551451730635925	True	absent	unresolved	False	False	False	True
parA	0.999980653081968	0.5	False	present	unresolved	False	False	False	False
parB	0.999987972756567	0.5	False	present	unresolved	False	False	False	False
pat	0.5	0.5	False	unresolved	unresolved	True	False	False	False
pbp1A	0.99999019608619	0.5	False	present	unresolved	False	False	False	False
pbp2B	0.999993636056551	0.5	False	present	unresolved	False	False	False	False
pbpA	0.999992972389714	0.5	False	present	unresolved	False	False	False	False
pcaA	0.999996540590911	1	True	present	present	True	True	False	False
pccB	0.99999995699899	0.761263531147004	True	present	unresolved	False	False	False	False
pckG	0.99999877098659	0.5	False	present	unresolved	False	False	False	False
pcnA	0.999999686063757	0.5	False	present	unresolved	False	False	False	False
pcrA	0.9999996558016	0.5	False	present	unresolved	False	False	False	False
pdtaR	0.999869679532737	0.5	False	present	unresolved	False	False	False	False
pdtaS	0.999999958477634	0.500005744571291	False	present	unresolved	False	False	False	False
pdxH	0.999996863446953	0.500000002043669	False	present	unresolved	False	False	False	False
pdxS	0.999999654183154	0.5	False	present	unresolved	False	False	False	False
pdxT	0.999998729819798	0.928572327402056	True	present	unresolved	False	False	False	False
pepA	1	1	True	present	present	True	True	False	False
pepD	0.99999963270588	0.5	False	present	unresolved	False	False	False	False
pepE	0.999996046155558	0.5	False	present	unresolved	False	False	False	False
pepN	1	1	True	present	present	True	True	False	False
pepO	0.999996892456628	0.500000003041529	False	present	unresolved	False	False	False	False
pepQ	0.99999873442205	0.5	False	present	unresolved	False	False	False	False
pepR	0.999999632709061	0.5	False	present	unresolved	False	False	False	False
pfkA	0.999999632709059	0.5	False	present	unresolved	False	False	False	False
pgi	0.999988564449768	0.5	False	present	unresolved	False	False	False	False
pgk	0.999983426989031	0.5	False	present	unresolved	False	False	False	False
pgl	0.99983336387695	0.5	False	present	unresolved	False	False	False	False
pgmB	0.999999609801225	0.5	False	present	unresolved	False	False	False	False
pgsA	0.999971000238125	0.5	False	present	unresolved	False	False	False	False
pgsA1	0.999992548480166	0.5	False	present	unresolved	False	False	False	False
pgsA2	0.999999958630535	0.500000000001715	False	present	unresolved	False	False	False	False
pheA	0.999999609801225	0.5	False	present	unresolved	False	False	False	False
pheS	0.999953553716349	0.5	False	present	unresolved	False	False	False	False
pheT	0.999980610952252	0.5	False	present	unresolved	False	False	False	False
phhB	0.999972436424309	0.5	False	present	unresolved	False	False	False	False
phoH	0.999988870403362	0.5	False	present	unresolved	False	False	False	False
phoH2	0.999996871429286	0.5	False	present	unresolved	False	False	False	False
phoP	0.0900430175983626	0.0002251086994541	True	unresolved	absent	False	False	False	False
phoR	0.0760128216496991	0.0012521480744858	True	unresolved	absent	False	False	False	False
phoU	0.999998790273464	0.5	False	present	unresolved	False	False	False	False
phr	0.999637697620159	0.5	False	present	unresolved	False	False	False	False
pimA	0.999992538895502	0.500000000000003	False	present	unresolved	False	False	False	False
pimB	0.999998789508188	0.5	False	present	unresolved	False	False	False	False
pkn1	0.999987253910758	0.5	False	present	unresolved	False	False	False	False
pknA	0.999996571716329	0.5	False	present	unresolved	False	False	False	False
pknB	0.999998657104101	0.5	False	present	unresolved	False	False	False	False
pknG	0.999999611983788	0.499993680299413	False	present	unresolved	False	False	False	False
pknL	0.998628860137011	1	True	present	present	True	True	False	False
pks11	0.99978242912327	0.995346415725954	True	present	present	True	True	False	False
pks13	0.99999995699899	0.761263531147004	True	present	unresolved	False	False	False	False
pks16	0.999999957350673	0.461629233545718	True	present	unresolved	False	False	False	False
pksB_1	0.999983586332004	0.5	False	present	unresolved	False	False	False	False
plsB	0.999999607441622	1	True	present	present	True	True	False	False
plsC	1	1	True	present	present	True	True	False	False
pmmB	0.999933368173977	0.5	False	present	unresolved	False	False	False	False
pmt	0.999999609801225	0.5	False	present	unresolved	False	False	False	False
pncA	0.999993803625894	0.50224887162003	True	present	unresolved	False	False	False	False
pncB	0.999976107142894	0.5	False	present	unresolved	False	False	False	False
pnp	1	1	True	present	present	True	True	False	False
pntB	0.99999840182031	0.5	False	present	unresolved	False	False	False	False
polA	0.999821652157452	0.5	False	present	unresolved	False	False	False	False
polA_1	0.999998761185223	0.5	False	present	unresolved	False	False	False	False
pon1	0.999999957800735	0.502052015335492	True	present	unresolved	False	False	False	False
ppa	0.999970915902848	0.5	False	present	unresolved	False	False	False	False
ppc	0.999900516244802	0.904306816966091	True	present	unresolved	False	False	False	False
ppgK	0.999980998004796	0.5	False	present	unresolved	False	False	False	False
ppiA	0.999968707637929	0.5	False	present	unresolved	False	False	False	False
ppiB	0.999988279967628	0.500000000043419	False	present	unresolved	False	False	False	False
ppk	0.999998698531462	0.500000012496237	False	present	unresolved	False	False	False	False
ppk2	0.99999844828609	0.999999998647244	True	present	present	True	True	False	False
ppm1	0.999998778307813	0.5	False	present	unresolved	False	False	False	False
ppsA	0.999695233073175	0.5	False	present	unresolved	False	False	False	False
pptA	0.5	0.5	False	unresolved	unresolved	True	False	False	False
ppx1	0.999998767645673	0.49911979159888	True	present	unresolved	False	False	False	False
ppx2	0.999988656729038	0.5	False	present	unresolved	False	False	False	False
pqqE	0.999945084995885	0.5	False	present	unresolved	False	False	False	False
prcA	0.999999957742776	0.99999522952278	True	present	present	True	True	False	False
prcB	0.999999957742776	0.99999522952278	True	present	present	True	True	False	False
prfA	0.999974493613736	0.5	False	present	unresolved	False	False	False	False
prfB	0.99999964200117	0.5	False	present	unresolved	False	False	False	False
priA	0.999988658165916	0.5	False	present	unresolved	False	False	False	False
prmC	0.999983973299652	0.5	False	present	unresolved	False	False	False	False
proA	1	1	True	present	present	True	True	False	False
proB	0.999999646948124	0.5	False	present	unresolved	False	False	False	False
proC	0.999999958724969	0.5	False	present	unresolved	False	False	False	False
proS	0.99999963270906	0.5	False	present	unresolved	False	False	False	False
prrA	0.999999958759164	0.99999997234341	True	present	present	True	True	False	False
prrB	0.999999958630535	0.500000000001715	False	present	unresolved	False	False	False	False
prs	0.999996693375763	0.5	False	present	unresolved	False	False	False	False
psd	0.999996920562666	0.5	False	present	unresolved	False	False	False	False
pspA	0.999996879481308	0.5	False	present	unresolved	False	False	False	False
pssA	0.99999668316172	0.5	False	present	unresolved	False	False	False	False
pstA	0.999957181373985	0.500000000176821	False	present	unresolved	False	False	False	False
pstB	0.999981520960686	0.500000342005992	False	present	unresolved	False	False	False	False
pstC	0.999932273660611	0.500000006684481	False	present	unresolved	False	False	False	False
pstP	0.999992967603684	0.5	False	present	unresolved	False	False	False	False
pstS	0.999963235463111	0.500000001499863	False	present	unresolved	False	False	False	False
pta	0.999998084341441	0.5	False	present	unresolved	False	False	False	False
pth	0.999998747382612	0.50009111867528	False	present	unresolved	False	False	False	False
ptpA	0.999937789385064	0.5	False	present	unresolved	False	False	False	False
ptpB	0.999998000918122	0.5	False	present	unresolved	False	False	False	False
ptrB	0.999999958810625	0.5	False	present	unresolved	False	False	False	False
punA	0.995279555336198	0.0076305152163416	True	present	absent	False	True	True	False
pup	0.999999646732873	0.5	False	present	unresolved	False	False	False	False
purA	0.999999632709058	1	True	present	present	True	True	False	False
purB	0.999998759829315	0.5	False	present	unresolved	False	False	False	False
purC	0.999998822022102	0.5	False	present	unresolved	False	False	False	False
purD	0.99999879162565	0.5	False	present	unresolved	False	False	False	False
purF	0.999999958810625	0.5	False	present	unresolved	False	False	False	False
purH	1	1	True	present	present	True	True	False	False
purK	0.99993495822538	0.5	False	present	unresolved	False	False	False	False
purL	0.999994888345207	0.5	False	present	unresolved	False	False	False	False
purM	0.999998791874241	0.5	False	present	unresolved	False	False	False	False
purN	0.999997059134634	0.5	False	present	unresolved	False	False	False	False
purQ	0.999988533513611	0.5	False	present	unresolved	False	False	False	False
purS	0.999988533513611	0.5	False	present	unresolved	False	False	False	False
purT	0.0183544519070252	0.999999895065437	True	absent	present	False	True	True	True
pyc	0.0230690676339434	0.0079321014951335	True	absent	absent	True	True	False	True
pyk	0.999968705547793	0.5	False	present	unresolved	False	False	False	False
pyrB	0.99995717092468	0.5	False	present	unresolved	False	False	False	False
pyrC	0.999932626874062	0.500000000000001	False	present	unresolved	False	False	False	False
pyrD	0.999988893114456	0.5	False	present	unresolved	False	False	False	False
pyrE	0.999988863028495	0.5	False	present	unresolved	False	False	False	False
pyrE_1	0.999970057529695	0.5	False	present	unresolved	False	False	False	False
pyrF	0.999988280776059	0.5	False	present	unresolved	False	False	False	False
pyrG	0.999999642001135	0.5	False	present	unresolved	False	False	False	False
pyrH	0.99998796948738	0.5	False	present	unresolved	False	False	False	False
pyrR	0.99986651572459	0.5	False	present	unresolved	False	False	False	False
qcrA	0.999999958755199	0.5	False	present	unresolved	False	False	False	False
qcrB	0.999999958755199	0.5	False	present	unresolved	False	False	False	False
qcrC	0.999999642001171	0.5	False	present	unresolved	False	False	False	False
qor	0.999929474926988	0.5	False	present	unresolved	False	False	False	False
radA	0.999998697988393	0.5	False	present	unresolved	False	False	False	False
ramB	0.992745274724976	0.0093558412738898	True	present	absent	False	True	True	False
rarA	0.999987970387454	0.5	False	present	unresolved	False	False	False	False
rbfA	0.999981464602163	0.5	False	present	unresolved	False	False	False	False
rbpA	0.999996934856191	0.5	False	present	unresolved	False	False	False	False
rbsK	0.0614372618922168	0.0233592979125185	True	unresolved	absent	False	False	False	False
rdgB	0.999824428427541	0.5	False	present	unresolved	False	False	False	False
recA	0.999951571113644	0.5	False	present	unresolved	False	False	False	False
recB	0.915247313584785	0.5	False	unresolved	unresolved	True	False	False	False
recC	0.99998808771713	0.868145422313186	True	present	unresolved	False	False	False	False
recF	0.999994910468531	0.5	False	present	unresolved	False	False	False	False
recG	0.999999958649408	0.5	False	present	unresolved	False	False	False	False
recN	0.999998741010623	0.5	False	present	unresolved	False	False	False	False
recO	0.999886950997046	0.5	False	present	unresolved	False	False	False	False
recR	0.999988282303636	0.5	False	present	unresolved	False	False	False	False
recX	0.999970607322232	0.5	False	present	unresolved	False	False	False	False
regX3	0.999999958434454	0.5	False	present	unresolved	False	False	False	False
relA	0.999999639294279	0.5	False	present	unresolved	False	False	False	False
resA_1	0.999999322655462	0.5	False	present	unresolved	False	False	False	False
resB	0.999993729373201	0.5	False	present	unresolved	False	False	False	False
rfbA	0.500000918846907	0.5	False	unresolved	unresolved	True	False	False	False
rfbD	0.50000848003151	0.5	False	unresolved	unresolved	True	False	False	False
rfbE	0.999936772860269	0.5	False	present	unresolved	False	False	False	False
rfe	0.999974097528386	0.5	False	present	unresolved	False	False	False	False
rhlE	0.999999632709061	0.5	False	present	unresolved	False	False	False	False
rhlE1	0.996023475660649	0.5	False	present	unresolved	False	False	False	False
rho	0.999974493517693	0.5	False	present	unresolved	False	False	False	False
ribBA	0.999998706926429	0.500000000000091	False	present	unresolved	False	False	False	False
ribD	0.999999654563493	0.5	False	present	unresolved	False	False	False	False
ribE	0.999993655069008	0.5	False	present	unresolved	False	False	False	False
ribF	0.999998816614136	0.5	False	present	unresolved	False	False	False	False
ribH	0.999978447726522	0.5	False	present	unresolved	False	False	False	False
rimJ	0.999996852489345	0.5	False	present	unresolved	False	False	False	False
rimM	0.999998697137552	0.581717857222078	True	present	unresolved	False	False	False	False
rimP	0.999993808647525	0.5	False	present	unresolved	False	False	False	False
rip1	0.999996829409365	0.5	False	present	unresolved	False	False	False	False
rip2	0.999983474031732	0.5	False	present	unresolved	False	False	False	False
ripA_1	0.999943558678396	0.999498721456658	True	present	present	True	True	False	False
rlmB	0.999998780865805	0.5	False	present	unresolved	False	False	False	False
rlmN	0.999996832871398	0.5	False	present	unresolved	False	False	False	False
rluA	0.999956385575408	0.5	False	present	unresolved	False	False	False	False
rluB	0.999998767245121	0.5	False	present	unresolved	False	False	False	False
rluD	0.999998737681175	0.5	False	present	unresolved	False	False	False	False
rmlB	0.999998756352842	0.5	False	present	unresolved	False	False	False	False
rmlC	0.999932876028186	0.500072430197595	False	present	unresolved	False	False	False	False
rmlD	0.999979187153404	0.500675716213343	True	present	unresolved	False	False	False	False
rnc	0.999999642001166	0.5	False	present	unresolved	False	False	False	False
rnd	0.999995241341132	0.5	False	present	unresolved	False	False	False	False
rne	0.999999641994449	0.5	False	present	unresolved	False	False	False	False
rnhA	0.999983291348928	0.5	False	present	unresolved	False	False	False	False
rnhB	0.999987494792084	0.5	False	present	unresolved	False	False	False	False
rnj	0.999984239792188	0.5	False	present	unresolved	False	False	False	False
rodA	0.999992734756313	0.5	False	present	unresolved	False	False	False	False
rpe	0.99997987293379	0.5	False	present	unresolved	False	False	False	False
rpfA	0.999987018178491	0.500000011757884	False	present	unresolved	False	False	False	False
rpfB	0.999543044175761	0.0204157859824395	True	present	absent	False	True	True	False
rpfI	0.99999344372921	0.5	False	present	unresolved	False	False	False	False
rph	0.999980724444667	0.5	False	present	unresolved	False	False	False	False
rpiB	0.999999958723934	0.5	False	present	unresolved	False	False	False	False
rplA	0.5	0.5	False	unresolved	unresolved	True	False	False	False
rplB	0.999979769473418	0.5	False	present	unresolved	False	False	False	False
rplC	0.999956098296373	0.5	False	present	unresolved	False	False	False	False
rplD	0.999970205551307	0.5	False	present	unresolved	False	False	False	False
rplE	0.999987926815956	0.5	False	present	unresolved	False	False	False	False
rplF	0.99999678423798	0.5	False	present	unresolved	False	False	False	False
rplI	0.99988714098502	0.5	False	present	unresolved	False	False	False	False
rplJ	0.500116941874498	0.5	False	unresolved	unresolved	True	False	False	False
rplK	0.5	0.5	False	unresolved	unresolved	True	False	False	False
rplL	0.999851441438908	0.5	False	present	unresolved	False	False	False	False
rplM	0.999993596608478	0.5	False	present	unresolved	False	False	False	False
rplN	0.99996747727028	0.5	False	present	unresolved	False	False	False	False
rplO	0.999980105803267	0.5	False	present	unresolved	False	False	False	False
rplP	0.999980799134047	0.500000002211701	False	present	unresolved	False	False	False	False
rplQ	0.999985938192747	0.5	False	present	unresolved	False	False	False	False
rplR	0.999980565036596	0.5	False	present	unresolved	False	False	False	False
rplS	0.500254264045234	0.5	False	unresolved	unresolved	True	False	False	False
rplT	0.999980371122549	0.5	False	present	unresolved	False	False	False	False
rplU	0.999993005287529	0.5	False	present	unresolved	False	False	False	False
rplV	0.999988282303272	0.5	False	present	unresolved	False	False	False	False
rplW	0.999968423672895	0.5	False	present	unresolved	False	False	False	False
rplX	0.999968326972718	0.5	False	present	unresolved	False	False	False	False
rpmA	0.999993005287529	0.5	False	present	unresolved	False	False	False	False
rpmB	0.999999632709045	0.5	False	present	unresolved	False	False	False	False
rpmC	0.999969400892057	0.5	False	present	unresolved	False	False	False	False
rpmD	0.999980105803267	0.5	False	present	unresolved	False	False	False	False
rpmE	0.999943330490243	0.5	False	present	unresolved	False	False	False	False
rpmF	0.99998003508325	0.5	False	present	unresolved	False	False	False	False
rpmG	0.999765797104875	0.500000000034627	False	present	unresolved	False	False	False	False
rpmI	0.5	0.5	False	unresolved	unresolved	True	False	False	False
rpoA	0.99999646993964	0.5	False	present	unresolved	False	False	False	False
rpoB	0.99990533935891	0.5	False	present	unresolved	False	False	False	False
rpoC	0.999970177873032	0.5	False	present	unresolved	False	False	False	False
rpoZ	0.999974804632225	0.5	False	present	unresolved	False	False	False	False
rpsA	0.999996693177185	0.5	False	present	unresolved	False	False	False	False
rpsB	0.999996832538081	0.5	False	present	unresolved	False	False	False	False
rpsC	0.999969783054717	0.5	False	present	unresolved	False	False	False	False
rpsD	0.999966780644442	0.5	False	present	unresolved	False	False	False	False
rpsE	0.999993521567294	0.5	False	present	unresolved	False	False	False	False
rpsF	0.999968650425541	0.5	False	present	unresolved	False	False	False	False
rpsG	0.500000025496936	0.5	False	unresolved	unresolved	True	False	False	False
rpsH	0.999980285581151	0.5	False	present	unresolved	False	False	False	False
rpsI	0.9999969233873	0.5	False	present	unresolved	False	False	False	False
rpsJ	0.99997051453563	0.5	False	present	unresolved	False	False	False	False
rpsK	0.999978730934245	0.5	False	present	unresolved	False	False	False	False
rpsL	0.500007340712948	0.5	False	unresolved	unresolved	True	False	False	False
rpsM	0.999966032672459	0.5	False	present	unresolved	False	False	False	False
rpsN	0.999998697956364	0.5	False	present	unresolved	False	False	False	False
rpsO	0.99999968399332	0.5	False	present	unresolved	False	False	False	False
rpsP	0.999996756398691	0.501868145240265	True	present	unresolved	False	False	False	False
rpsQ	0.999971495855922	0.5	False	present	unresolved	False	False	False	False
rpsR	0.99994738976704	0.5	False	present	unresolved	False	False	False	False
rpsS	0.999970205397984	0.5	False	present	unresolved	False	False	False	False
rpsT	0.999996199862847	0.5	False	present	unresolved	False	False	False	False
rraA	0.99505043784206	0.905731103340208	True	present	unresolved	False	False	False	False
rsbW	0.991140608205078	0.999970510931248	True	present	present	True	True	False	False
rsdA	0.99898130849035	0.5	False	present	unresolved	False	False	False	False
rseA	0.999996949411166	0.5	False	present	unresolved	False	False	False	False
rsgA	0.999996907691442	0.5	False	present	unresolved	False	False	False	False
rsmD	0.999998845501255	0.5	False	present	unresolved	False	False	False	False
rsmE	0.99999668129813	0.500000000081977	False	present	unresolved	False	False	False	False
rsmG	0.999980657506167	0.5	False	present	unresolved	False	False	False	False
rsmH	0.999960088340395	0.5	False	present	unresolved	False	False	False	False
rsmI	0.999987524398865	0.5	False	present	unresolved	False	False	False	False
rsrA	0.999982787578485	0.5	False	present	unresolved	False	False	False	False
rubA	0.040200904936593	0.0093081461721131	True	absent	absent	True	True	False	True
rutA_3	0.999998795051208	1	True	present	present	True	True	False	False
ruvA	0.999999632709061	0.5	False	present	unresolved	False	False	False	False
ruvB	0.999999642001171	0.5	False	present	unresolved	False	False	False	False
ruvC	0.999998845506053	0.5	False	present	unresolved	False	False	False	False
ruvX	0.99999963270906	0.500000001466865	False	present	unresolved	False	False	False	False
sbcD	0.999988271905972	1	True	present	present	True	True	False	False
sbp	0.0360201073042697	0.0052153412886579	True	absent	absent	True	True	False	True
scpA	0.999999632709061	0.5	False	present	unresolved	False	False	False	False
scpB	0.999998771543938	0.5	False	present	unresolved	False	False	False	False
sdh	0.999993797424725	0.500003902378869	False	present	unresolved	False	False	False	False
sdhA	1	1	True	present	present	True	True	False	False
sdhB	0.999974113093536	0.500030903114976	False	present	unresolved	False	False	False	False
sdhB_1	0.999999965410799	0.5	False	present	unresolved	False	False	False	False
sdhC	0.999964513285932	0.500000000284283	False	present	unresolved	False	False	False	False
sdhD	0.999962607121198	0.500000027941903	False	present	unresolved	False	False	False	False
secA	0.999987965445922	0.5	False	present	unresolved	False	False	False	False
secA2	1	1	True	present	present	True	True	False	False
secD	0.99999963270906	0.5	False	present	unresolved	False	False	False	False
secE	0.5	0.5	False	unresolved	unresolved	True	False	False	False
secF	0.999981301423068	0.5	False	present	unresolved	False	False	False	False
secG	0.999970286559272	0.5	False	present	unresolved	False	False	False	False
secY	0.999999957800735	0.502052015335492	True	present	unresolved	False	False	False	False
senX3	1	1	True	present	present	True	True	False	False
sepF	0.999993828649595	0.5	False	present	unresolved	False	False	False	False
serA	0.99999339343596	0.500000000000002	False	present	unresolved	False	False	False	False
serB	0.999999339493724	0.5	False	present	unresolved	False	False	False	False
serB1	0.999999958747222	0.5	False	present	unresolved	False	False	False	False
serC	1	1	True	present	present	True	True	False	False
serS	0.99999963270906	0.500000000000129	False	present	unresolved	False	False	False	False
sigA	0.999933706876792	0.5	False	present	unresolved	False	False	False	False
sigB	0.999999673368858	0.5	False	present	unresolved	False	False	False	False
sigD	0.999926771054454	0.999999999999996	True	present	present	True	True	False	False
sigE	0.999998738972569	0.5	False	present	unresolved	False	False	False	False
sigH	0.999999632709057	0.5	False	present	unresolved	False	False	False	False
sigM	0.999981330742215	0.994887082686573	True	present	present	True	True	False	False
sir	0.5	0.5	False	unresolved	unresolved	True	False	False	False
sirR	0.0182678386787285	0.0153127631150079	True	absent	absent	True	True	False	True
sixA	0.999999686063754	0.5	False	present	unresolved	False	False	False	False
smc	0.999999958744603	0.5	False	present	unresolved	False	False	False	False
smpB	0.999992633959677	0.5	False	present	unresolved	False	False	False	False
smtB	0.212143579341101	0.003258658719552	True	unresolved	absent	False	False	False	False
soj	0.999993813890602	0.5	False	present	unresolved	False	False	False	False
spoU	0.5011231496669	0.5	False	unresolved	unresolved	True	False	False	False
spoU2	0.999999632709047	0.5	False	present	unresolved	False	False	False	False
sppA	0.999989803597434	0.5	False	present	unresolved	False	False	False	False
srsC	0.999841978137279	0.999889720615346	True	present	present	True	True	False	False
ssb	0.999921698273858	0.5	False	present	unresolved	False	False	False	False
ssb2	0.999996806888638	0.500000000000001	False	present	unresolved	False	False	False	False
sseA	0.999877604244633	0.500000000023002	False	present	unresolved	False	False	False	False
sseB	0.999474261097688	0.500000000241294	False	present	unresolved	False	False	False	False
sseC	0.999987318965398	0.500002106141676	False	present	unresolved	False	False	False	False
sthA	0.711811008287253	0	True	unresolved	absent	False	False	False	True
subI	0.999905950581458	0.5	False	present	unresolved	False	False	False	False
sucB	0.999998781877042	0.5	False	present	unresolved	False	False	False	False
sucC	0.999996818510594	0.5	False	present	unresolved	False	False	False	False
sucD	0.999996934856588	0.5	False	present	unresolved	False	False	False	False
sufB	0.999977919853908	0.5	False	present	unresolved	False	False	False	False
sufC	0.999959933612505	0.5	False	present	unresolved	False	False	False	False
sufD	0.999977910634176	0.5	False	present	unresolved	False	False	False	False
sufE	0.997518401137131	0.500000007094376	False	present	unresolved	False	False	False	False
sufR	0.999879744649146	0.5	False	present	unresolved	False	False	False	False
sufS	0.999990359833831	0.5	False	present	unresolved	False	False	False	False
sugA	0.999998725821856	0.5	False	present	unresolved	False	False	False	False
sugB	0.999998726451543	0.5	False	present	unresolved	False	False	False	False
sugC	0.999967280661952	0.714171010176302	True	present	unresolved	False	False	False	False
suhB	0.999993626022681	0.5	False	present	unresolved	False	False	False	False
tadA	0.5	0.5	False	unresolved	unresolved	True	False	False	False
tag	0.999995759016201	0.5	False	present	unresolved	False	False	False	False
tal	0.999987913694249	0.499729351436426	False	present	unresolved	False	False	False	False
tatA	0.999998754263774	0.5	False	present	unresolved	False	False	False	False
tatB	0.999985745788729	0.5	False	present	unresolved	False	False	False	False
tatC	0.999998784987787	0.5	False	present	unresolved	False	False	False	False
tatD	0.999995308776732	0.499766595663308	False	present	unresolved	False	False	False	False
tcrX	0.5	0.5	False	unresolved	unresolved	True	False	False	False
tcrY	0.837333219853938	0.499983441434086	False	unresolved	unresolved	True	False	False	False
tesB	0.99999666931822	0.5	False	present	unresolved	False	False	False	False
tesB1	0.999971408407503	0.5	False	present	unresolved	False	False	False	False
tgs3	0.999995567920251	0.5	False	present	unresolved	False	False	False	False
thiC	0.0439588413102168	0.982565950721973	True	absent	present	False	True	True	True
thiD	0.999998757594788	0.5	False	present	unresolved	False	False	False	False
thiE	0.309022000506942	0.0059549819737426	True	unresolved	absent	False	False	False	False
thiG	0.066526452650923	0.0080557694296445	True	unresolved	absent	False	False	False	False
thiL	0.99995718408144	0.5	False	present	unresolved	False	False	False	False
thiO	0.066526452650923	0.0080557694296445	True	unresolved	absent	False	False	False	False
thiS	0.0726782874360955	0.002743374857283	True	unresolved	absent	False	False	False	False
thiX	0.99998079895216	0.5	False	present	unresolved	False	False	False	False
thlA	0.0821951795894137	0.0041403276881369	True	unresolved	absent	False	False	False	False
thrB	0.999937103526043	0.5	False	present	unresolved	False	False	False	False
thrC	0.999940539857569	0.5	False	present	unresolved	False	False	False	False
thrS	0.999999609800123	0.5	False	present	unresolved	False	False	False	False
thyA	0.500000117047298	0.5	False	unresolved	unresolved	True	False	False	False
thyX	0.999891949533491	0.999596581275721	True	present	present	True	True	False	False
tig	0.999915799106433	0.5	False	present	unresolved	False	False	False	False
tilS	0.999996604072374	0.5	False	present	unresolved	False	False	False	False
tkt	0.999988262872214	0.5	False	present	unresolved	False	False	False	False
tldD	0.999987216995356	0.5	False	present	unresolved	False	False	False	False
tlyA	0.999993636055266	0.5	False	present	unresolved	False	False	False	False
tlyC	0.999999619680343	0.500000006756493	False	present	unresolved	False	False	False	False
tmk	0.999998650787961	0.5	False	present	unresolved	False	False	False	False
topA	0.999995137443563	0.5	False	present	unresolved	False	False	False	False
tpa	0.999963538161089	0.999077757190716	True	present	present	True	True	False	False
tpiA	0.99997045144881	0.5	False	present	unresolved	False	False	False	False
tpx	0.534715861484746	6.90209020401322e-05	True	unresolved	absent	False	False	False	False
treY	0.736556374051089	0.140662772864381	True	unresolved	unresolved	True	False	False	False
treZ	0.707376395041015	0.262285480688922	True	unresolved	unresolved	True	False	False	False
trmB	0.999999973272956	0.5	False	present	unresolved	False	False	False	False
trmD	0.99999961967943	0.500004532898796	False	present	unresolved	False	False	False	False
trmI	0.99998832952882	0.5	False	present	unresolved	False	False	False	False
trpA	0.999981831482655	0.5	False	present	unresolved	False	False	False	False
trpB	0.99999681724854	0.5	False	present	unresolved	False	False	False	False
trpC	0.999987972828646	0.5	False	present	unresolved	False	False	False	False
trpD	0.999998795672502	0.5	False	present	unresolved	False	False	False	False
trpE	0.999998683518457	0.500000576142274	False	present	unresolved	False	False	False	False
trpF	0.999819484766673	0.5	False	present	unresolved	False	False	False	False
trpG	0.999999632709045	0.5	False	present	unresolved	False	False	False	False
trpS	0.999993770936586	0.499999671618951	False	present	unresolved	False	False	False	False
truA	0.999986144971623	0.5	False	present	unresolved	False	False	False	False
truB	0.5	0.5	False	unresolved	unresolved	True	False	False	False
trxB	0.999999686063757	0.5	False	present	unresolved	False	False	False	False
trxC	0.99999883374149	0.5	False	present	unresolved	False	False	False	False
tsaD	0.999993535624764	0.500000113720059	False	present	unresolved	False	False	False	False
tsaE	0.99999963270906	0.5	False	present	unresolved	False	False	False	False
tsf	0.999996829606559	0.5	False	present	unresolved	False	False	False	False
tsnR	0.5	0.5	False	unresolved	unresolved	True	False	False	False
tuf	0.507277396682532	0.5	False	unresolved	unresolved	True	False	False	False
typA	1	1	True	present	present	True	True	False	False
tyrA	0.5	0.5	False	unresolved	unresolved	True	False	False	False
tyrS	0.5	0.5	False	unresolved	unresolved	True	False	False	False
ubiA	0.99998873204269	0.5	False	present	unresolved	False	False	False	False
udgB	0.999988920150575	0.5	False	present	unresolved	False	False	False	False
ung	0.99998239756566	0.5	False	present	unresolved	False	False	False	False
upp	0.999988282281348	0.5	False	present	unresolved	False	False	False	False
uppP	0.999999958755199	0.5	False	present	unresolved	False	False	False	False
uppS	0.999988920959812	0.5	False	present	unresolved	False	False	False	False
uppS1	0.999939081100038	0.5	False	present	unresolved	False	False	False	False
uspR	0.999996788807098	0.5	False	present	unresolved	False	False	False	False
uvrA	0.999981189416283	0.5	False	present	unresolved	False	False	False	False
uvrB	0.999993583329787	0.500000000000846	False	present	unresolved	False	False	False	False
uvrC	0.999998673825064	0.999997149418392	True	present	present	True	True	False	False
uvrD2	0.999998650790956	0.500000001817093	False	present	unresolved	False	False	False	False
uvrD3	0.999998726488854	0.5	False	present	unresolved	False	False	False	False
valS	0.999999958808087	0.5	False	present	unresolved	False	False	False	False
viuB	0.0208919756235801	0.0137365297995185	True	absent	absent	True	True	False	True
wag31	0.999988282303408	0.5	False	present	unresolved	False	False	False	False
wbbL	0.999998672512292	0.5	False	present	unresolved	False	False	False	False
whiB	0.999998830806318	0.5	False	present	unresolved	False	False	False	False
whiB2	0.999998782404701	0.5	False	present	unresolved	False	False	False	False
whiB3	0.999981115546943	0.5	False	present	unresolved	False	False	False	False
whiB4	0.999994673294272	0.603205452149612	True	present	unresolved	False	False	False	False
whiB7	0.99677881518302	0.500000000066438	False	present	unresolved	False	False	False	False
xerC	0.999987371650243	0.5	False	present	unresolved	False	False	False	False
xerD	0.99998828230111	0.5	False	present	unresolved	False	False	False	False
xfp	0.99596686813669	0.5	False	present	unresolved	False	False	False	False
xis	0.999998755400219	0.5	False	present	unresolved	False	False	False	False
xseA	0.999974383736748	0.5	False	present	unresolved	False	False	False	False
xseB	0.999937099967724	0.5	False	present	unresolved	False	False	False	False
xthA	0.999996949410885	0.5	False	present	unresolved	False	False	False	False
yabJ	0.999988057297926	0.5	False	present	unresolved	False	False	False	False
yajC	0.999991430754143	0.5	False	present	unresolved	False	False	False	False
ybaB	0.5	0.5	False	unresolved	unresolved	True	False	False	False
ybbN	0.999895442370596	0.5	False	present	unresolved	False	False	False	False
ybdK	0.9999999587579	0.999999918366057	True	present	present	True	True	False	False
ybeY	0.99998880226724	0.5	False	present	unresolved	False	False	False	False
ybhB	0.999981658857324	0.5	False	present	unresolved	False	False	False	False
ybiT	0.999934366370952	0.5	False	present	unresolved	False	False	False	False
ychF	0.999988227286307	0.5	False	present	unresolved	False	False	False	False
ydjZ	0.999981166864649	0.5	False	present	unresolved	False	False	False	False
yeaZ	0.99999872397075	0.500046576147165	False	present	unresolved	False	False	False	False
yebC	0.999999958792118	0.5	False	present	unresolved	False	False	False	False
yedK	0.994879995825291	0.5	False	present	unresolved	False	False	False	False
yfiC	0.999999974876385	0.5	False	present	unresolved	False	False	False	False
yfiH	0.999995420740342	0.5	False	present	unresolved	False	False	False	False
ygfA	0.999993577868879	0.5	False	present	unresolved	False	False	False	False
yhfI	0.99997037537416	0.5	False	present	unresolved	False	False	False	False
yhfQ	0.0431286468231276	0.0116875994332848	True	absent	absent	True	True	False	True
yhjD	0.99999359596272	0.499999993571291	False	present	unresolved	False	False	False	False
yidC	0.999993749851085	0.5	False	present	unresolved	False	False	False	False
yitW	0.999820698511305	0.5	False	present	unresolved	False	False	False	False
yjjK	1	1	True	present	present	True	True	False	False
ykuE	0.999976027248917	0.5	False	present	unresolved	False	False	False	False
ylmA	0.999997783843298	0.5	False	present	unresolved	False	False	False	False
ypfJ	0.999988282282885	0.500001054604309	False	present	unresolved	False	False	False	False
yqjG	0.0487597499387571	0.163722267346708	True	absent	unresolved	False	False	False	True
yqjI	0.0770662673688582	0.0155533775259391	True	unresolved	absent	False	False	False	False
ytcJ	0.999996932349818	0.686424997460792	True	present	unresolved	False	False	False	False
ytfL	0.999999641997552	0.5	False	present	unresolved	False	False	False	False
ytpA	0.999973024950163	0.5	False	present	unresolved	False	False	False	False
yutF	0.999980770540867	0.5	False	present	unresolved	False	False	False	False
yvqK	0.5	0.5	False	unresolved	unresolved	True	False	False	False
ywlC	0.999954977265971	0.5	False	present	unresolved	False	False	False	False
zwf	0.999930534476632	0.5	False	present	unresolved	False	False	False	False
