gene	pct_FSM	pct_other	fisher_p	BH_FDR	COG_category
ptsG	94.8	1.4	7.525055380712173e-58	2.940039137244246e-54	Carbohydrate metab
crtD	86.5	0.7	1.0061733504988244e-49	1.965559640199454e-46	Secondary metabolites
pap	94.8	7.5	2.298195578778241e-47	2.993016708762196e-44	Other/unknown
cutC	82.3	0.7	1.1416005199680957e-45	1.115058307878838e-42	Ion transport
ppaC	79.2	0.0	1.0631039519614158e-44	8.307094280626504e-42	Energy production
chaA	94.8	10.2	7.24045387966185e-44	4.714742217973142e-41	Ion transport
deoD_1	74.0	0.0	2.3671410434522053e-40	1.321202865252538e-37	Nucleotide metab
ybbC	76.0	0.7	3.0964797699225393e-40	1.51224330763592e-37	Other/unknown
pnuC	88.5	8.2	2.3436432001825232e-39	1.017401553679235e-36	Coenzyme metab
cfp2	99.0	21.1	9.734765595417072e-39	3.80337291812945e-36	Other/unknown
esxD	97.9	19.7	2.693847445886594e-38	9.568056337344475e-36	Other/unknown
sadh	92.7	14.3	7.050469459545643e-37	2.295515348203736e-34	Other/unknown
yeeR	83.3	8.8	1.07709077692554e-33	3.237072050344681e-31	PTM/chaperones
citB	86.5	12.2	9.857382045757515e-33	2.750913689483901e-30	Transcription
galE	93.8	21.8	2.9376299679934855e-31	7.651546856633698e-29	Cell wall/envelope
nagB	97.9	32.0	1.043154146829264e-28	2.547252032288709e-26	Carbohydrate metab
fadD11_1	93.8	25.9	4.244849135339987e-28	9.755662101043135e-26	Lipid metab
esxC	97.9	33.3	8.660037144081984e-28	1.879709173440462e-25	Other/unknown
PE36	99.0	36.1	1.6434246450057693e-27	3.21043004401877e-25	Other/unknown
lpqD	99.0	36.1	1.6434246450057693e-27	3.21043004401877e-25	Carbohydrate metab
nagE	99.0	36.7	4.4876718109447486e-27	8.349206554933872e-25	Carbohydrate metab
oppA	69.8	6.1	1.0699593940013051e-26	1.9001506147105e-24	Amino-acid metab
cyp147G1	90.6	24.5	4.9755015378351246e-26	8.310133499657472e-24	Energy production
pchP	53.1	0.0	5.104765907135381e-26	8.310133499657472e-24	Amino-acid metab
eccD2	96.9	34.0	5.349900104632999e-26	8.36082388352045e-24	Other/unknown
rpfE	95.8	32.7	1.169250653537317e-25	1.75702396283473e-23	Cell wall/envelope
pimE	97.9	36.7	1.3674516502710727e-25	1.978753184299659e-23	Nucleotide metab
mftF	51.0	0.0	8.840547876732792e-25	1.191035191530863e-22	Defence
fdsG	51.0	0.0	8.840547876732792e-25	1.191035191530863e-22	Energy production
lys1	89.6	25.2	1.3058906533405971e-24	1.700704927533904e-22	Amino-acid metab
pqrB	97.9	39.5	6.327445047063011e-24	7.9746218706049e-22	Amino-acid metab
ptbA	95.8	36.7	4.318602424368693e-23	5.112963536972268e-21	Carbohydrate metab
crtT	95.8	36.7	4.318602424368693e-23	5.112963536972268e-21	Secondary metabolites
lipQ	93.8	34.0	1.3093674183766132e-22	1.50461720694042e-20	Lipid metab
fadE22	99.0	44.2	1.375784885462185e-22	1.535769013571645e-20	Lipid metab
sodC	99.0	45.6	7.9227715666072195e-22	8.366018516414704e-20	Ion transport
whiB5	94.8	39.5	2.0250050346327966e-20	2.028639659053932e-18	Transcription
rhlG	96.9	43.5	2.4898666262055434e-20	2.431977227146264e-18	Lipid metab
nhaP	82.3	23.8	6.195247969400052e-20	5.903618004011221e-18	Ion transport
gltB_1	94.8	41.5	2.743866889072326e-19	2.436429076273995e-17	Amino-acid metab
mas	62.5	10.2	4.404483596656057e-18	3.58506612752817e-16	Secondary metabolites
cry1	92.7	41.5	2.0287814254664872e-17	1.585289805859513e-15	Other/unknown
lpqC	91.7	40.8	6.367870554775632e-17	4.784475049520844e-15	Secondary metabolites
amiB2	99.0	56.5	2.9937199029578025e-16	2.206879936010591e-14	Translation
glpF	89.6	39.5	4.868173298882934e-16	3.522213533099189e-14	Secretion
potA	99.0	57.8	1.3103528928693285e-15	9.308270458982667e-14	Amino-acid metab
lppJ	93.8	46.9	1.4842227917684707e-15	1.035510437042753e-13	Other/unknown
tdsD	95.8	51.0	1.9421082497029006e-15	1.331195952910392e-13	Energy production
amtB	100.0	61.9	3.177504523401942e-15	2.140432788436446e-13	Secretion
parD1	60.4	12.9	7.432416450556772e-15	4.92177136819073e-13	Transcription
uspA3	71.9	22.4	1.479546727869404e-14	9.634315109642937e-13	Signalling
adhE2_1	99.0	60.5	2.32668812937487e-14	1.490224675650429e-12	Amino-acid metab
aguA	72.9	24.5	6.098712762282542e-14	3.843172703586757e-12	Amino-acid metab
ephC	96.9	56.5	6.429778912965535e-14	3.987483525866087e-12	Other/unknown
fbp	54.2	10.2	7.537502551676338e-14	4.601409760843665e-12	Carbohydrate metab
lppN	82.3	34.7	9.845296129368344e-14	5.917780304221865e-12	Other/unknown
lppR_1	89.6	44.2	1.0151860978162059e-13	6.009594066921087e-12	Other/unknown
crtL	76.0	28.6	2.1731734556594072e-13	1.267252043471837e-11	Energy production
purU	94.8	53.7	2.8526003590207584e-13	1.638986706278545e-11	Nucleotide metab
potH	95.8	55.8	2.9462696485698824e-13	1.644439359566076e-11	Ion transport
mpt53	95.8	55.8	2.9462696485698824e-13	1.644439359566076e-11	Energy production
cyp135B1	95.8	56.5	5.860790933663317e-13	3.225085940538392e-11	Energy production
cbbL	52.1	10.2	6.940703413473675e-13	3.714702498142692e-11	Carbohydrate metab
prk	52.1	10.2	6.940703413473675e-13	3.714702498142692e-11	Energy production
prr_1	97.9	61.2	7.244737127240532e-13	3.825025399476859e-11	Energy production
uspA4	89.6	46.3	8.597426286074666e-13	4.478685933292496e-11	Signalling
mpb	93.8	53.7	1.909739519002445e-12	9.690067923042276e-11	Cell wall/envelope
mspA	100.0	68.7	3.18098872289879e-12	1.593349094918663e-10	Other/unknown
ppsE	93.8	54.4	3.737278937490361e-12	1.848297317566436e-10	Secondary metabolites
citE_2	94.8	56.5	4.316666338285928e-12	2.082125356010262e-10	Carbohydrate metab
resD	94.8	56.5	4.316666338285928e-12	2.082125356010262e-10	Signalling
lipP	95.8	58.5	4.4213903573023704e-12	2.106630747070775e-10	Defence
rocE	90.6	49.7	5.417851226851102e-12	2.550306595579187e-10	Amino-acid metab
ptsI	96.9	61.2	7.530753065629074e-12	3.502696693739618e-10	Carbohydrate metab
asnC	97.9	64.6	2.002585905170195e-11	9.204827213529354e-10	Transcription
chiA2	71.9	28.6	2.435936114604851e-11	1.093931310317374e-09	Carbohydrate metab
yoeB	58.3	17.0	2.7736657274909352e-11	1.231444545148532e-09	Other/unknown
nagA	99.0	68.0	3.9173976630274475e-11	1.700585852160916e-09	Carbohydrate metab
ptsH	94.8	59.2	5.8117113251079175e-11	2.468082189912677e-09	Carbohydrate metab
kup	82.3	41.5	1.1861132101032957e-10	4.929940757312314e-09	Ion transport
relJ	59.4	19.0	1.3058441606278277e-10	5.370455932182023e-09	Transcription
cobC	87.5	49.0	2.2334801617654358e-10	8.996089682492327e-09	Amino-acid metab
relB	52.1	14.3	3.11679785179399e-10	1.230033253228194e-08	Transcription
tesA	89.6	52.4	3.176458479094569e-10	1.241042327782248e-08	Secondary metabolites
asrB	65.6	25.2	3.4181466674085095e-10	1.322247428669806e-08	Energy production
vapC	82.3	42.9	4.271508732856973e-10	1.636155354830607e-08	Other/unknown
papA5	89.6	53.7	1.0742216683454564e-09	3.959418922854431e-08	Secondary metabolites
csxA	71.9	32.7	1.5844403154177364e-09	5.785428329287005e-08	Carbohydrate metab
fni	93.8	61.2	2.0416961294516392e-09	7.386024794229216e-08	Energy production
mpt	87.5	51.7	2.542505775533046e-09	8.949162220727578e-08	Cell wall/envelope
MA20_16590	66.7	28.6	4.163161581282166e-09	1.426795815620125e-07	PTM/chaperones
yqeY	93.8	62.6	6.6072050118896104e-09	2.115930326348582e-07	Other/unknown
drrA	81.2	47.6	7.777511554190585e-08	2.392656507261623e-06	Defence
drrC	81.2	48.3	1.3318195315325091e-07	4.033658069532957e-06	Defence
nylB	63.5	29.9	2.100553624649303e-07	6.124524635451363e-06	Defence
pdc	76.0	42.9	2.2661356874682693e-07	6.558364541435947e-06	Carbohydrate metab
nicT	78.1	45.6	2.9370840263518395e-07	8.437637713938706e-06	Other/unknown
cysE	81.2	51.0	1.0415689746366933e-06	2.825979155489973e-05	Amino-acid metab
hoxK	79.2	49.0	1.4806454622847128e-06	3.935293755881887e-05	Energy production
Test universe: 3,907 named gene families tested; 99 significant at Benjamini-Hochberg FDR < 0.05 with prevalence ≥ 50% in FSM and a prevalence gap ≥ 30 points over the other clades combined. BH_FDR is the Benjamini-Hochberg q value computed over the full vector of 3,907 Fisher p values, not over the selected 99; the largest q among the 99 is 3.9e-05.
