q	s	ani	frag	total	cq	cs
spire_mag_02088284	spire_mag_02088418	83.2726	871	1088	FSM	FSM
spire_mag_02088284	spire_mag_01112767	80.3164	587	1088	FSM	FSM
spire_mag_02088284	spire_mag_02088287	80.1879	651	1088	FSM	FSM
spire_mag_02088284	spire_mag_02088330	79.9322	625	1088	FSM	FSM
spire_mag_02088284	spire_mag_02087828	79.7544	630	1088	FSM	FSM
spire_mag_02088284	spire_mag_01882647	79.7153	574	1088	FSM	FSM
spire_mag_02088284	spire_mag_02100063	79.5791	594	1088	FSM	FSM
spire_mag_02088284	spire_mag_01753708	79.4978	612	1088	FSM	FSM
spire_mag_02088284	spire_mag_01822855	79.0537	529	1088	FSM	FSM
spire_mag_02088284	spire_mag_00874439	79.0472	518	1088	FSM	FSM
spire_mag_02088284	spire_mag_00873124	78.9158	525	1088	FSM	FSM
spire_mag_02088284	spire_mag_00825292	78.4254	481	1088	FSM	RGM
spire_mag_02088284	spire_mag_02520786	78.3795	461	1088	FSM	RGM
spire_mag_02088284	spire_mag_02519404	78.3328	518	1088	FSM	RGM
spire_mag_02088284	spire_mag_01586430	78.3221	498	1088	FSM	RGM
spire_mag_02088284	spire_mag_01586673	78.2311	495	1088	FSM	RGM
spire_mag_02088284	spire_mag_02296681	77.7993	459	1088	FSM	RGM
spire_mag_02088284	spire_mag_02294715	77.7826	468	1088	FSM	RGM
spire_mag_02088284	spire_mag_02307626	77.7419	473	1088	FSM	RGM
spire_mag_02088284	spire_mag_02298516	77.7314	462	1088	FSM	RGM
spire_mag_02088284	spire_mag_01733412	77.6451	380	1088	FSM	SGM
spire_mag_02088284	spire_mag_02299450	77.6198	462	1088	FSM	RGM
spire_mag_02088284	spire_mag_02598702	77.4544	332	1088	FSM	SGM
spire_mag_02088284	spire_mag_01823769	77.4411	365	1088	FSM	SGM
spire_mag_02088284	spire_mag_00709062	77.2754	245	1088	FSM	SGM
spire_mag_02088284	spire_mag_02001409	77.2664	347	1088	FSM	SGM
spire_mag_02088284	spire_mag_00492514	77.2003	316	1088	FSM	RGM
spire_mag_02088284	spire_mag_01679848	77.1634	299	1088	FSM	SGM
spire_mag_02088284	spire_mag_01678249	77.153	313	1088	FSM	SGM
spire_mag_02088284	spire_mag_00493620	77.1157	313	1088	FSM	RGM
spire_mag_02088284	spire_mag_01680964	77.0991	304	1088	FSM	SGM
spire_mag_01882647	spire_mag_01112767	81.1232	620	1082	FSM	FSM
spire_mag_01882647	spire_mag_01753708	81.0332	637	1082	FSM	FSM
spire_mag_01882647	spire_mag_02100063	80.9337	656	1082	FSM	FSM
spire_mag_01882647	spire_mag_02087828	80.7865	683	1082	FSM	FSM
spire_mag_01882647	spire_mag_02088287	80.7517	674	1082	FSM	FSM
spire_mag_01882647	spire_mag_02088330	80.7196	660	1082	FSM	FSM
spire_mag_01882647	spire_mag_00873124	80.3971	607	1082	FSM	FSM
spire_mag_01882647	spire_mag_00874439	80.3254	596	1082	FSM	FSM
spire_mag_01882647	spire_mag_01822855	79.9916	633	1082	FSM	FSM
spire_mag_01882647	spire_mag_02519404	79.9372	576	1082	FSM	RGM
spire_mag_01882647	spire_mag_01586430	79.7661	595	1082	FSM	RGM
spire_mag_01882647	spire_mag_01586673	79.6898	581	1082	FSM	RGM
spire_mag_01882647	spire_mag_02088284	79.6735	575	1082	FSM	FSM
spire_mag_01882647	spire_mag_02520786	79.6643	538	1082	FSM	RGM
spire_mag_01882647	spire_mag_00825292	79.6073	549	1082	FSM	RGM
spire_mag_01882647	spire_mag_02088418	79.5414	609	1082	FSM	FSM
spire_mag_01882647	spire_mag_02307626	78.8176	530	1082	FSM	RGM
spire_mag_01882647	spire_mag_02296681	78.8108	523	1082	FSM	RGM
spire_mag_01882647	spire_mag_02294715	78.8103	519	1082	FSM	RGM
spire_mag_01882647	spire_mag_02298516	78.8084	523	1082	FSM	RGM
spire_mag_01882647	spire_mag_02299450	78.723	510	1082	FSM	RGM
spire_mag_01882647	spire_mag_01823769	78.6299	425	1082	FSM	SGM
spire_mag_01882647	spire_mag_01733412	78.6102	453	1082	FSM	SGM
spire_mag_01882647	spire_mag_02001409	78.3564	399	1082	FSM	SGM
spire_mag_01882647	spire_mag_02598702	78.3052	429	1082	FSM	SGM
spire_mag_01882647	spire_mag_01678249	78.0589	378	1082	FSM	SGM
spire_mag_01882647	spire_mag_01680964	78.054	380	1082	FSM	SGM
spire_mag_01882647	spire_mag_00709062	78.0221	342	1082	FSM	SGM
spire_mag_01882647	spire_mag_01679848	78.021	372	1082	FSM	SGM
spire_mag_01882647	spire_mag_00493620	77.9014	414	1082	FSM	RGM
spire_mag_01882647	spire_mag_00492514	77.8816	403	1082	FSM	RGM
spire_mag_02088330	spire_mag_02088287	99.6323	970	1051	FSM	FSM
spire_mag_02088330	spire_mag_02087828	99.476	981	1051	FSM	FSM
spire_mag_02088330	spire_mag_01112767	80.9156	609	1051	FSM	FSM
spire_mag_02088330	spire_mag_02100063	80.6528	650	1051	FSM	FSM
spire_mag_02088330	spire_mag_01882647	80.5737	684	1051	FSM	FSM
spire_mag_02088330	spire_mag_01753708	80.5667	651	1051	FSM	FSM
spire_mag_02088330	spire_mag_02088284	79.9977	623	1051	FSM	FSM
spire_mag_02088330	spire_mag_01586430	79.8387	603	1051	FSM	RGM
spire_mag_02088330	spire_mag_01586673	79.7959	598	1051	FSM	RGM
spire_mag_02088330	spire_mag_02519404	79.7645	598	1051	FSM	RGM
spire_mag_02088330	spire_mag_02520786	79.6755	543	1051	FSM	RGM
spire_mag_02088330	spire_mag_02088418	79.5355	657	1051	FSM	FSM
spire_mag_02088330	spire_mag_00874439	79.5208	566	1051	FSM	FSM
spire_mag_02088330	spire_mag_00825292	79.4606	583	1051	FSM	RGM
spire_mag_02088330	spire_mag_00873124	79.3943	580	1051	FSM	FSM
spire_mag_02088330	spire_mag_01822855	79.3299	565	1051	FSM	FSM
spire_mag_02088330	spire_mag_02296681	79.1068	530	1051	FSM	RGM
spire_mag_02088330	spire_mag_02294715	79.1013	536	1051	FSM	RGM
spire_mag_02088330	spire_mag_02298516	79.0804	526	1051	FSM	RGM
spire_mag_02088330	spire_mag_02307626	79.0717	549	1051	FSM	RGM
spire_mag_02088330	spire_mag_02299450	79.0138	517	1051	FSM	RGM
spire_mag_02088330	spire_mag_01733412	78.6031	479	1051	FSM	SGM
spire_mag_02088330	spire_mag_02598702	78.4784	415	1051	FSM	SGM
spire_mag_02088330	spire_mag_01823769	78.3907	448	1051	FSM	SGM
spire_mag_02088330	spire_mag_00709062	78.155	337	1051	FSM	SGM
spire_mag_02088330	spire_mag_02001409	78.1245	431	1051	FSM	SGM
spire_mag_02088330	spire_mag_01679848	77.9856	366	1051	FSM	SGM
spire_mag_02088330	spire_mag_01678249	77.8533	367	1051	FSM	SGM
spire_mag_02088330	spire_mag_00492514	77.8441	397	1051	FSM	RGM
spire_mag_02088330	spire_mag_00493620	77.8293	402	1051	FSM	RGM
spire_mag_02088330	spire_mag_01680964	77.8237	367	1051	FSM	SGM
spire_mag_02088418	spire_mag_02088284	83.2124	874	1130	FSM	FSM
spire_mag_02088418	spire_mag_02088287	80.7552	679	1130	FSM	FSM
spire_mag_02088418	spire_mag_01112767	80.256	599	1130	FSM	FSM
spire_mag_02088418	spire_mag_02088330	79.6395	649	1130	FSM	FSM
spire_mag_02088418	spire_mag_02100063	79.6039	635	1130	FSM	FSM
spire_mag_02088418	spire_mag_02087828	79.5634	665	1130	FSM	FSM
spire_mag_02088418	spire_mag_01882647	79.5219	610	1130	FSM	FSM
spire_mag_02088418	spire_mag_01753708	79.5139	636	1130	FSM	FSM
spire_mag_02088418	spire_mag_00874439	78.8956	521	1130	FSM	FSM
spire_mag_02088418	spire_mag_01822855	78.8703	570	1130	FSM	FSM
spire_mag_02088418	spire_mag_00873124	78.8142	535	1130	FSM	FSM
spire_mag_02088418	spire_mag_00825292	78.6101	455	1130	FSM	RGM
spire_mag_02088418	spire_mag_02519404	78.5734	529	1130	FSM	RGM
spire_mag_02088418	spire_mag_02520786	78.5253	467	1130	FSM	RGM
spire_mag_02088418	spire_mag_01586430	78.1748	525	1130	FSM	RGM
spire_mag_02088418	spire_mag_01586673	78.0681	523	1130	FSM	RGM
spire_mag_02088418	spire_mag_02294715	77.8837	459	1130	FSM	RGM
spire_mag_02088418	spire_mag_02307626	77.8622	470	1130	FSM	RGM
spire_mag_02088418	spire_mag_02296681	77.8351	464	1130	FSM	RGM
spire_mag_02088418	spire_mag_02298516	77.813	459	1130	FSM	RGM
spire_mag_02088418	spire_mag_02299450	77.7814	449	1130	FSM	RGM
spire_mag_02088418	spire_mag_00709062	77.6194	275	1130	FSM	SGM
spire_mag_02088418	spire_mag_01823769	77.6184	340	1130	FSM	SGM
spire_mag_02088418	spire_mag_01733412	77.4933	420	1130	FSM	SGM
spire_mag_02088418	spire_mag_01680964	77.4234	288	1130	FSM	SGM
spire_mag_02088418	spire_mag_02001409	77.392	360	1130	FSM	SGM
spire_mag_02088418	spire_mag_01678249	77.3229	302	1130	FSM	SGM
spire_mag_02088418	spire_mag_02598702	77.2651	346	1130	FSM	SGM
spire_mag_02088418	spire_mag_01679848	77.2027	297	1130	FSM	SGM
spire_mag_02088418	spire_mag_00493620	77.106	311	1130	FSM	RGM
spire_mag_02088418	spire_mag_00492514	77.0332	308	1130	FSM	RGM
spire_mag_02088287	spire_mag_02088330	99.5663	976	1106	FSM	FSM
spire_mag_02088287	spire_mag_02087828	99.4648	974	1106	FSM	FSM
spire_mag_02088287	spire_mag_01112767	80.8514	621	1106	FSM	FSM
spire_mag_02088287	spire_mag_01753708	80.7776	647	1106	FSM	FSM
spire_mag_02088287	spire_mag_02088418	80.7626	693	1106	FSM	FSM
spire_mag_02088287	spire_mag_01882647	80.7593	669	1106	FSM	FSM
spire_mag_02088287	spire_mag_02100063	80.7075	668	1106	FSM	FSM
spire_mag_02088287	spire_mag_02088284	80.0655	659	1106	FSM	FSM
spire_mag_02088287	spire_mag_01586430	79.7696	622	1106	FSM	RGM
spire_mag_02088287	spire_mag_02519404	79.7419	612	1106	FSM	RGM
spire_mag_02088287	spire_mag_01586673	79.6857	622	1106	FSM	RGM
spire_mag_02088287	spire_mag_02520786	79.5643	579	1106	FSM	RGM
spire_mag_02088287	spire_mag_00874439	79.5272	578	1106	FSM	FSM
spire_mag_02088287	spire_mag_00873124	79.51	586	1106	FSM	FSM
spire_mag_02088287	spire_mag_00825292	79.4753	603	1106	FSM	RGM
spire_mag_02088287	spire_mag_01822855	79.3219	583	1106	FSM	FSM
spire_mag_02088287	spire_mag_02307626	79.1844	546	1106	FSM	RGM
spire_mag_02088287	spire_mag_02298516	79.1364	540	1106	FSM	RGM
spire_mag_02088287	spire_mag_02294715	79.1166	560	1106	FSM	RGM
spire_mag_02088287	spire_mag_02296681	79.0758	550	1106	FSM	RGM
spire_mag_02088287	spire_mag_02299450	79.0253	529	1106	FSM	RGM
spire_mag_02088287	spire_mag_01733412	78.6555	498	1106	FSM	SGM
spire_mag_02088287	spire_mag_02598702	78.4033	433	1106	FSM	SGM
spire_mag_02088287	spire_mag_01823769	78.342	472	1106	FSM	SGM
spire_mag_02088287	spire_mag_02001409	78.176	449	1106	FSM	SGM
spire_mag_02088287	spire_mag_00709062	78.0005	365	1106	FSM	SGM
spire_mag_02088287	spire_mag_01678249	77.9007	393	1106	FSM	SGM
spire_mag_02088287	spire_mag_01679848	77.8691	389	1106	FSM	SGM
spire_mag_02088287	spire_mag_00493620	77.8252	409	1106	FSM	RGM
spire_mag_02088287	spire_mag_00492514	77.8081	406	1106	FSM	RGM
spire_mag_02088287	spire_mag_01680964	77.8032	394	1106	FSM	SGM
spire_mag_01822855	spire_mag_00874439	83.3378	795	1081	FSM	FSM
spire_mag_01822855	spire_mag_00873124	83.3125	815	1081	FSM	FSM
spire_mag_01822855	spire_mag_01112767	80.0512	577	1081	FSM	FSM
spire_mag_01822855	spire_mag_01882647	79.9769	635	1081	FSM	FSM
spire_mag_01822855	spire_mag_02100063	79.6816	609	1081	FSM	FSM
spire_mag_01822855	spire_mag_01753708	79.661	595	1081	FSM	FSM
spire_mag_01822855	spire_mag_02087828	79.4245	594	1081	FSM	FSM
spire_mag_01822855	spire_mag_02088287	79.3971	581	1081	FSM	FSM
spire_mag_01822855	spire_mag_02088330	79.379	575	1081	FSM	FSM
spire_mag_01822855	spire_mag_02088284	78.9458	544	1081	FSM	FSM
spire_mag_01822855	spire_mag_02519404	78.863	516	1081	FSM	RGM
spire_mag_01822855	spire_mag_02088418	78.7855	576	1081	FSM	FSM
spire_mag_01822855	spire_mag_02520786	78.6854	430	1081	FSM	RGM
spire_mag_01822855	spire_mag_01586430	78.4629	485	1081	FSM	RGM
spire_mag_01822855	spire_mag_00825292	78.4595	468	1081	FSM	RGM
spire_mag_01822855	spire_mag_01586673	78.4063	471	1081	FSM	RGM
spire_mag_01822855	spire_mag_02294715	78.0208	433	1081	FSM	RGM
spire_mag_01822855	spire_mag_02307626	78.0013	444	1081	FSM	RGM
spire_mag_01822855	spire_mag_02298516	77.9725	435	1081	FSM	RGM
spire_mag_01822855	spire_mag_02296681	77.9609	428	1081	FSM	RGM
spire_mag_01822855	spire_mag_02299450	77.854	424	1081	FSM	RGM
spire_mag_01822855	spire_mag_01733412	77.6998	391	1081	FSM	SGM
spire_mag_01822855	spire_mag_01823769	77.5564	379	1081	FSM	SGM
spire_mag_01822855	spire_mag_00709062	77.5318	268	1081	FSM	SGM
spire_mag_01822855	spire_mag_01679848	77.4958	301	1081	FSM	SGM
spire_mag_01822855	spire_mag_01680964	77.4871	299	1081	FSM	SGM
spire_mag_01822855	spire_mag_01678249	77.4811	307	1081	FSM	SGM
spire_mag_01822855	spire_mag_02598702	77.4298	340	1081	FSM	SGM
spire_mag_01822855	spire_mag_00493620	77.4289	335	1081	FSM	RGM
spire_mag_01822855	spire_mag_00492514	77.369	342	1081	FSM	RGM
spire_mag_01822855	spire_mag_02001409	77.2479	318	1081	FSM	SGM
spire_mag_02087828	spire_mag_02088330	99.3688	990	1104	FSM	FSM
spire_mag_02087828	spire_mag_02088287	99.3317	975	1104	FSM	FSM
spire_mag_02087828	spire_mag_01112767	80.9212	615	1104	FSM	FSM
spire_mag_02087828	spire_mag_01882647	80.7657	676	1104	FSM	FSM
spire_mag_02087828	spire_mag_02100063	80.6882	659	1104	FSM	FSM
spire_mag_02087828	spire_mag_01753708	80.6717	647	1104	FSM	FSM
spire_mag_02087828	spire_mag_01586430	79.7264	631	1104	FSM	RGM
spire_mag_02087828	spire_mag_01586673	79.7178	622	1104	FSM	RGM
spire_mag_02087828	spire_mag_02519404	79.7091	607	1104	FSM	RGM
spire_mag_02087828	spire_mag_02088418	79.7087	644	1104	FSM	FSM
spire_mag_02087828	spire_mag_02088284	79.6768	621	1104	FSM	FSM
spire_mag_02087828	spire_mag_02520786	79.6376	575	1104	FSM	RGM
spire_mag_02087828	spire_mag_00873124	79.5957	575	1104	FSM	FSM
spire_mag_02087828	spire_mag_00874439	79.5527	570	1104	FSM	FSM
spire_mag_02087828	spire_mag_01822855	79.4611	590	1104	FSM	FSM
spire_mag_02087828	spire_mag_00825292	79.3545	615	1104	FSM	RGM
spire_mag_02087828	spire_mag_02298516	79.0943	541	1104	FSM	RGM
spire_mag_02087828	spire_mag_02294715	79.0861	546	1104	FSM	RGM
spire_mag_02087828	spire_mag_02296681	79.0823	546	1104	FSM	RGM
spire_mag_02087828	spire_mag_02307626	79.0614	542	1104	FSM	RGM
spire_mag_02087828	spire_mag_02299450	78.8966	533	1104	FSM	RGM
spire_mag_02087828	spire_mag_01733412	78.6669	494	1104	FSM	SGM
spire_mag_02087828	spire_mag_01823769	78.5059	447	1104	FSM	SGM
spire_mag_02087828	spire_mag_02598702	78.4081	435	1104	FSM	SGM
spire_mag_02087828	spire_mag_02001409	78.1426	431	1104	FSM	SGM
spire_mag_02087828	spire_mag_00709062	78.1153	342	1104	FSM	SGM
spire_mag_02087828	spire_mag_01679848	77.8029	385	1104	FSM	SGM
spire_mag_02087828	spire_mag_00492514	77.7794	404	1104	FSM	RGM
spire_mag_02087828	spire_mag_00493620	77.7753	409	1104	FSM	RGM
spire_mag_02087828	spire_mag_01678249	77.7529	387	1104	FSM	SGM
spire_mag_02087828	spire_mag_01680964	77.655	389	1104	FSM	SGM
spire_mag_02100063	spire_mag_01753708	99.6051	959	1045	FSM	FSM
spire_mag_02100063	spire_mag_01112767	81.823	678	1045	FSM	FSM
spire_mag_02100063	spire_mag_01882647	80.8705	660	1045	FSM	FSM
spire_mag_02100063	spire_mag_02088287	80.7621	656	1045	FSM	FSM
spire_mag_02100063	spire_mag_02087828	80.5514	674	1045	FSM	FSM
spire_mag_02100063	spire_mag_02088330	80.5192	673	1045	FSM	FSM
spire_mag_02100063	spire_mag_00874439	79.825	578	1045	FSM	FSM
spire_mag_02100063	spire_mag_00873124	79.7892	601	1045	FSM	FSM
spire_mag_02100063	spire_mag_01822855	79.7403	606	1045	FSM	FSM
spire_mag_02100063	spire_mag_02519404	79.6528	591	1045	FSM	RGM
spire_mag_02100063	spire_mag_02088284	79.5812	601	1045	FSM	FSM
spire_mag_02100063	spire_mag_01586673	79.5604	554	1045	FSM	RGM
spire_mag_02100063	spire_mag_02088418	79.5312	641	1045	FSM	FSM
spire_mag_02100063	spire_mag_01586430	79.5076	574	1045	FSM	RGM
spire_mag_02100063	spire_mag_02520786	79.4402	530	1045	FSM	RGM
spire_mag_02100063	spire_mag_00825292	79.2704	559	1045	FSM	RGM
spire_mag_02100063	spire_mag_02307626	78.7147	509	1045	FSM	RGM
spire_mag_02100063	spire_mag_02296681	78.6976	509	1045	FSM	RGM
spire_mag_02100063	spire_mag_02298516	78.6895	508	1045	FSM	RGM
spire_mag_02100063	spire_mag_02294715	78.6863	507	1045	FSM	RGM
spire_mag_02100063	spire_mag_02299450	78.6193	498	1045	FSM	RGM
spire_mag_02100063	spire_mag_01733412	78.5898	441	1045	FSM	SGM
spire_mag_02100063	spire_mag_02598702	78.378	421	1045	FSM	SGM
spire_mag_02100063	spire_mag_01823769	78.3138	404	1045	FSM	SGM
spire_mag_02100063	spire_mag_01678249	78.1647	360	1045	FSM	SGM
spire_mag_02100063	spire_mag_02001409	78.1567	412	1045	FSM	SGM
spire_mag_02100063	spire_mag_00709062	78.1165	340	1045	FSM	SGM
spire_mag_02100063	spire_mag_00492514	78.0936	356	1045	FSM	RGM
spire_mag_02100063	spire_mag_01679848	78.0864	361	1045	FSM	SGM
spire_mag_02100063	spire_mag_00493620	78.0293	370	1045	FSM	RGM
spire_mag_02100063	spire_mag_01680964	78.019	367	1045	FSM	SGM
spire_mag_00873124	spire_mag_00874439	99.8856	923	996	FSM	FSM
spire_mag_00873124	spire_mag_01822855	83.2697	806	996	FSM	FSM
spire_mag_00873124	spire_mag_01112767	80.4517	557	996	FSM	FSM
spire_mag_00873124	spire_mag_01882647	80.2725	615	996	FSM	FSM
spire_mag_00873124	spire_mag_01753708	79.7944	583	996	FSM	FSM
spire_mag_00873124	spire_mag_02100063	79.7438	596	996	FSM	FSM
spire_mag_00873124	spire_mag_02087828	79.4521	595	996	FSM	FSM
spire_mag_00873124	spire_mag_02088287	79.3932	589	996	FSM	FSM
spire_mag_00873124	spire_mag_02088330	79.3623	588	996	FSM	FSM
spire_mag_00873124	spire_mag_02088284	78.9808	518	996	FSM	FSM
spire_mag_00873124	spire_mag_02519404	78.8531	510	996	FSM	RGM
spire_mag_00873124	spire_mag_02088418	78.7725	530	996	FSM	FSM
spire_mag_00873124	spire_mag_01586430	78.5944	483	996	FSM	RGM
spire_mag_00873124	spire_mag_01586673	78.5554	476	996	FSM	RGM
spire_mag_00873124	spire_mag_02520786	78.4865	467	996	FSM	RGM
spire_mag_00873124	spire_mag_00825292	78.3588	479	996	FSM	RGM
spire_mag_00873124	spire_mag_02294715	78.2324	427	996	FSM	RGM
spire_mag_00873124	spire_mag_02307626	78.1767	446	996	FSM	RGM
spire_mag_00873124	spire_mag_02296681	78.1386	431	996	FSM	RGM
spire_mag_00873124	spire_mag_02298516	78.1214	436	996	FSM	RGM
spire_mag_00873124	spire_mag_02299450	78.0515	428	996	FSM	RGM
spire_mag_00873124	spire_mag_01733412	77.985	388	996	FSM	SGM
spire_mag_00873124	spire_mag_01823769	77.8493	349	996	FSM	SGM
spire_mag_00873124	spire_mag_02598702	77.7021	347	996	FSM	SGM
spire_mag_00873124	spire_mag_00709062	77.61	272	996	FSM	SGM
spire_mag_00873124	spire_mag_01680964	77.5532	324	996	FSM	SGM
spire_mag_00873124	spire_mag_01678249	77.5414	330	996	FSM	SGM
spire_mag_00873124	spire_mag_01679848	77.5353	322	996	FSM	SGM
spire_mag_00873124	spire_mag_02001409	77.4349	346	996	FSM	SGM
spire_mag_00873124	spire_mag_00493620	77.3332	354	996	FSM	RGM
spire_mag_00873124	spire_mag_00492514	77.2747	353	996	FSM	RGM
spire_mag_01112767	spire_mag_02100063	81.9286	672	976	FSM	FSM
spire_mag_01112767	spire_mag_01753708	81.8251	668	976	FSM	FSM
spire_mag_01112767	spire_mag_01882647	81.1335	610	976	FSM	FSM
spire_mag_01112767	spire_mag_02087828	80.8239	622	976	FSM	FSM
spire_mag_01112767	spire_mag_02088287	80.8233	610	976	FSM	FSM
spire_mag_01112767	spire_mag_02088330	80.7865	617	976	FSM	FSM
spire_mag_01112767	spire_mag_00873124	80.2879	582	976	FSM	FSM
spire_mag_01112767	spire_mag_02088284	80.2611	568	976	FSM	FSM
spire_mag_01112767	spire_mag_00874439	80.2528	562	976	FSM	FSM
spire_mag_01112767	spire_mag_02088418	80.1771	597	976	FSM	FSM
spire_mag_01112767	spire_mag_02519404	80.0589	575	976	FSM	RGM
spire_mag_01112767	spire_mag_01822855	79.965	582	976	FSM	FSM
spire_mag_01112767	spire_mag_01586673	79.8866	553	976	FSM	RGM
spire_mag_01112767	spire_mag_01586430	79.8384	558	976	FSM	RGM
spire_mag_01112767	spire_mag_00825292	79.768	534	976	FSM	RGM
spire_mag_01112767	spire_mag_02520786	79.7385	522	976	FSM	RGM
spire_mag_01112767	spire_mag_02294715	79.049	481	976	FSM	RGM
spire_mag_01112767	spire_mag_02298516	79.0058	484	976	FSM	RGM
spire_mag_01112767	spire_mag_02296681	78.9738	492	976	FSM	RGM
spire_mag_01112767	spire_mag_02299450	78.9439	474	976	FSM	RGM
spire_mag_01112767	spire_mag_02307626	78.914	496	976	FSM	RGM
spire_mag_01112767	spire_mag_01823769	78.7195	410	976	FSM	SGM
spire_mag_01112767	spire_mag_01733412	78.5778	465	976	FSM	SGM
spire_mag_01112767	spire_mag_02598702	78.5445	426	976	FSM	SGM
spire_mag_01112767	spire_mag_02001409	78.2309	420	976	FSM	SGM
spire_mag_01112767	spire_mag_01679848	78.1877	376	976	FSM	SGM
spire_mag_01112767	spire_mag_01678249	78.1267	379	976	FSM	SGM
spire_mag_01112767	spire_mag_00709062	78.1204	333	976	FSM	SGM
spire_mag_01112767	spire_mag_01680964	78.1097	379	976	FSM	SGM
spire_mag_01112767	spire_mag_00493620	77.9319	405	976	FSM	RGM
spire_mag_01112767	spire_mag_00492514	77.8854	400	976	FSM	RGM
spire_mag_01753708	spire_mag_02100063	99.6376	966	1033	FSM	FSM
spire_mag_01753708	spire_mag_01112767	81.8287	681	1033	FSM	FSM
spire_mag_01753708	spire_mag_01882647	80.8193	650	1033	FSM	FSM
spire_mag_01753708	spire_mag_02088287	80.6835	645	1033	FSM	FSM
spire_mag_01753708	spire_mag_02087828	80.4732	655	1033	FSM	FSM
spire_mag_01753708	spire_mag_02088330	80.4439	657	1033	FSM	FSM
spire_mag_01753708	spire_mag_00873124	79.9233	569	1033	FSM	FSM
spire_mag_01753708	spire_mag_00874439	79.8126	561	1033	FSM	FSM
spire_mag_01753708	spire_mag_02088284	79.6649	595	1033	FSM	FSM
spire_mag_01753708	spire_mag_01822855	79.6553	599	1033	FSM	FSM
spire_mag_01753708	spire_mag_02519404	79.6382	585	1033	FSM	RGM
spire_mag_01753708	spire_mag_02088418	79.5534	638	1033	FSM	FSM
spire_mag_01753708	spire_mag_02520786	79.4593	526	1033	FSM	RGM
spire_mag_01753708	spire_mag_01586430	79.4102	566	1033	FSM	RGM
spire_mag_01753708	spire_mag_00825292	79.4058	543	1033	FSM	RGM
spire_mag_01753708	spire_mag_01586673	79.377	565	1033	FSM	RGM
spire_mag_01753708	spire_mag_02307626	78.9426	488	1033	FSM	RGM
spire_mag_01753708	spire_mag_02294715	78.8624	486	1033	FSM	RGM
spire_mag_01753708	spire_mag_02298516	78.8455	487	1033	FSM	RGM
spire_mag_01753708	spire_mag_02296681	78.7919	491	1033	FSM	RGM
spire_mag_01753708	spire_mag_01733412	78.7093	433	1033	FSM	SGM
spire_mag_01753708	spire_mag_02299450	78.6935	473	1033	FSM	RGM
spire_mag_01753708	spire_mag_01823769	78.3312	393	1033	FSM	SGM
spire_mag_01753708	spire_mag_01678249	78.138	353	1033	FSM	SGM
spire_mag_01753708	spire_mag_01680964	78.1305	353	1033	FSM	SGM
spire_mag_01753708	spire_mag_01679848	78.1132	351	1033	FSM	SGM
spire_mag_01753708	spire_mag_02598702	78.0758	416	1033	FSM	SGM
spire_mag_01753708	spire_mag_02001409	78.0716	398	1033	FSM	SGM
spire_mag_01753708	spire_mag_00709062	78.0494	334	1033	FSM	SGM
spire_mag_01753708	spire_mag_00492514	77.9711	353	1033	FSM	RGM
spire_mag_01753708	spire_mag_00493620	77.8605	368	1033	FSM	RGM
spire_mag_00874439	spire_mag_00873124	99.8779	928	993	FSM	FSM
spire_mag_00874439	spire_mag_01822855	83.401	792	993	FSM	FSM
spire_mag_00874439	spire_mag_01112767	80.3762	552	993	FSM	FSM
spire_mag_00874439	spire_mag_01882647	80.2546	602	993	FSM	FSM
spire_mag_00874439	spire_mag_02100063	79.7883	577	993	FSM	FSM
spire_mag_00874439	spire_mag_01753708	79.7437	579	993	FSM	FSM
spire_mag_00874439	spire_mag_02087828	79.5671	571	993	FSM	FSM
spire_mag_00874439	spire_mag_02088287	79.5334	567	993	FSM	FSM
spire_mag_00874439	spire_mag_02088330	79.4778	574	993	FSM	FSM
spire_mag_00874439	spire_mag_02088284	79.0636	500	993	FSM	FSM
spire_mag_00874439	spire_mag_02519404	78.8072	512	993	FSM	RGM
spire_mag_00874439	spire_mag_02088418	78.7432	534	993	FSM	FSM
spire_mag_00874439	spire_mag_01586673	78.6244	468	993	FSM	RGM
spire_mag_00874439	spire_mag_01586430	78.6072	481	993	FSM	RGM
spire_mag_00874439	spire_mag_02520786	78.6019	453	993	FSM	RGM
spire_mag_00874439	spire_mag_00825292	78.3936	462	993	FSM	RGM
spire_mag_00874439	spire_mag_02307626	78.3837	412	993	FSM	RGM
spire_mag_00874439	spire_mag_02294715	78.3259	410	993	FSM	RGM
spire_mag_00874439	spire_mag_02298516	78.2778	414	993	FSM	RGM
spire_mag_00874439	spire_mag_02296681	78.1903	419	993	FSM	RGM
spire_mag_00874439	spire_mag_02299450	78.1545	400	993	FSM	RGM
spire_mag_00874439	spire_mag_01733412	78.0442	380	993	FSM	SGM
spire_mag_00874439	spire_mag_01823769	77.8269	354	993	FSM	SGM
spire_mag_00874439	spire_mag_00709062	77.6824	276	993	FSM	SGM
spire_mag_00874439	spire_mag_02598702	77.6723	342	993	FSM	SGM
spire_mag_00874439	spire_mag_00493620	77.5956	328	993	FSM	RGM
spire_mag_00874439	spire_mag_01680964	77.5421	327	993	FSM	SGM
spire_mag_00874439	spire_mag_01678249	77.5304	323	993	FSM	SGM
spire_mag_00874439	spire_mag_01679848	77.5001	322	993	FSM	SGM
spire_mag_00874439	spire_mag_00492514	77.4761	337	993	FSM	RGM
spire_mag_00874439	spire_mag_02001409	77.4452	344	993	FSM	SGM
spire_mag_02519404	spire_mag_01586430	80.599	925	1798	RGM	RGM
spire_mag_02519404	spire_mag_01586673	80.539	914	1798	RGM	RGM
spire_mag_02519404	spire_mag_00825292	80.2579	812	1798	RGM	RGM
spire_mag_02519404	spire_mag_01112767	80.2355	555	1798	RGM	FSM
spire_mag_02519404	spire_mag_02520786	80.2333	775	1798	RGM	RGM
spire_mag_02519404	spire_mag_01882647	79.843	579	1798	RGM	FSM
spire_mag_02519404	spire_mag_01753708	79.6366	571	1798	RGM	FSM
spire_mag_02519404	spire_mag_02100063	79.5979	582	1798	RGM	FSM
spire_mag_02519404	spire_mag_02087828	79.5667	603	1798	RGM	FSM
spire_mag_02519404	spire_mag_02088330	79.53	614	1798	RGM	FSM
spire_mag_02519404	spire_mag_02088287	79.4589	616	1798	RGM	FSM
spire_mag_02519404	spire_mag_02296681	79.4438	783	1798	RGM	RGM
spire_mag_02519404	spire_mag_02307626	79.4397	795	1798	RGM	RGM
spire_mag_02519404	spire_mag_02298516	79.4345	784	1798	RGM	RGM
spire_mag_02519404	spire_mag_02294715	79.4174	791	1798	RGM	RGM
spire_mag_02519404	spire_mag_02299450	79.3229	755	1798	RGM	RGM
spire_mag_02519404	spire_mag_02598702	79.0277	629	1798	RGM	SGM
spire_mag_02519404	spire_mag_00874439	78.9239	493	1798	RGM	FSM
spire_mag_02519404	spire_mag_00873124	78.8612	498	1798	RGM	FSM
spire_mag_02519404	spire_mag_01733412	78.7877	694	1798	RGM	SGM
spire_mag_02519404	spire_mag_01822855	78.7803	513	1798	RGM	FSM
spire_mag_02519404	spire_mag_01823769	78.6377	648	1798	RGM	SGM
spire_mag_02519404	spire_mag_01679848	78.5382	527	1798	RGM	SGM
spire_mag_02519404	spire_mag_02001409	78.5027	573	1798	RGM	SGM
spire_mag_02519404	spire_mag_02088418	78.4945	518	1798	RGM	FSM
spire_mag_02519404	spire_mag_02088284	78.4821	504	1798	RGM	FSM
spire_mag_02519404	spire_mag_00493620	78.4658	717	1798	RGM	RGM
spire_mag_02519404	spire_mag_00492514	78.3724	730	1798	RGM	RGM
spire_mag_02519404	spire_mag_01678249	78.3535	546	1798	RGM	SGM
spire_mag_02519404	spire_mag_01680964	78.3317	540	1798	RGM	SGM
spire_mag_02519404	spire_mag_00709062	78.2351	401	1798	RGM	SGM
spire_mag_02520786	spire_mag_00825292	94.7539	1370	1629	RGM	RGM
spire_mag_02520786	spire_mag_01586673	81.0864	885	1629	RGM	RGM
spire_mag_02520786	spire_mag_01586430	81.0155	904	1629	RGM	RGM
spire_mag_02520786	spire_mag_02519404	80.1876	769	1629	RGM	RGM
spire_mag_02520786	spire_mag_02298516	79.9759	796	1629	RGM	RGM
spire_mag_02520786	spire_mag_02307626	79.9673	794	1629	RGM	RGM
spire_mag_02520786	spire_mag_02294715	79.9607	798	1629	RGM	RGM
spire_mag_02520786	spire_mag_02296681	79.949	793	1629	RGM	RGM
spire_mag_02520786	spire_mag_02299450	79.9215	776	1629	RGM	RGM
spire_mag_02520786	spire_mag_01112767	79.8796	502	1629	RGM	FSM
spire_mag_02520786	spire_mag_01882647	79.6408	521	1629	RGM	FSM
spire_mag_02520786	spire_mag_02087828	79.5206	579	1629	RGM	FSM
spire_mag_02520786	spire_mag_02088287	79.5204	566	1629	RGM	FSM
spire_mag_02520786	spire_mag_02088330	79.4632	565	1629	RGM	FSM
spire_mag_02520786	spire_mag_02100063	79.3755	528	1629	RGM	FSM
spire_mag_02520786	spire_mag_01753708	79.3148	523	1629	RGM	FSM
spire_mag_02520786	spire_mag_01733412	79.2879	671	1629	RGM	SGM
spire_mag_02520786	spire_mag_02598702	78.973	572	1629	RGM	SGM
spire_mag_02520786	spire_mag_01823769	78.9684	649	1629	RGM	SGM
spire_mag_02520786	spire_mag_00874439	78.7194	428	1629	RGM	FSM
spire_mag_02520786	spire_mag_00709062	78.7112	418	1629	RGM	SGM
spire_mag_02520786	spire_mag_00493620	78.7006	639	1629	RGM	RGM
spire_mag_02520786	spire_mag_02001409	78.6854	574	1629	RGM	SGM
spire_mag_02520786	spire_mag_01822855	78.653	426	1629	RGM	FSM
spire_mag_02520786	spire_mag_00492514	78.6305	650	1629	RGM	RGM
spire_mag_02520786	spire_mag_00873124	78.6204	436	1629	RGM	FSM
spire_mag_02520786	spire_mag_01678249	78.5673	530	1629	RGM	SGM
spire_mag_02520786	spire_mag_01679848	78.5326	525	1629	RGM	SGM
spire_mag_02520786	spire_mag_01680964	78.5112	534	1629	RGM	SGM
spire_mag_02520786	spire_mag_02088284	78.4525	449	1629	RGM	FSM
spire_mag_02520786	spire_mag_02088418	78.3951	467	1629	RGM	FSM
spire_mag_00825292	spire_mag_02520786	94.6989	1369	1845	RGM	RGM
spire_mag_00825292	spire_mag_01586430	81.2936	922	1845	RGM	RGM
spire_mag_00825292	spire_mag_01586673	81.2636	917	1845	RGM	RGM
spire_mag_00825292	spire_mag_02519404	80.2263	816	1845	RGM	RGM
spire_mag_00825292	spire_mag_02294715	80.0997	834	1845	RGM	RGM
spire_mag_00825292	spire_mag_02307626	80.0639	821	1845	RGM	RGM
spire_mag_00825292	spire_mag_02296681	80.0227	823	1845	RGM	RGM
spire_mag_00825292	spire_mag_02299450	79.9964	794	1845	RGM	RGM
spire_mag_00825292	spire_mag_02298516	79.9618	836	1845	RGM	RGM
spire_mag_00825292	spire_mag_01112767	79.7661	532	1845	RGM	FSM
spire_mag_00825292	spire_mag_01882647	79.5649	554	1845	RGM	FSM
spire_mag_00825292	spire_mag_01753708	79.5029	539	1845	RGM	FSM
spire_mag_00825292	spire_mag_02087828	79.4827	601	1845	RGM	FSM
spire_mag_00825292	spire_mag_02100063	79.3746	546	1845	RGM	FSM
spire_mag_00825292	spire_mag_02088287	79.3676	605	1845	RGM	FSM
spire_mag_00825292	spire_mag_02088330	79.3617	603	1845	RGM	FSM
spire_mag_00825292	spire_mag_01733412	79.2593	705	1845	RGM	SGM
spire_mag_00825292	spire_mag_01823769	79.1793	668	1845	RGM	SGM
spire_mag_00825292	spire_mag_02598702	79.0291	602	1845	RGM	SGM
spire_mag_00825292	spire_mag_00493620	78.7845	683	1845	RGM	RGM
spire_mag_00825292	spire_mag_00492514	78.7274	688	1845	RGM	RGM
spire_mag_00825292	spire_mag_01679848	78.6927	553	1845	RGM	SGM
spire_mag_00825292	spire_mag_02001409	78.6313	596	1845	RGM	SGM
spire_mag_00825292	spire_mag_01678249	78.5671	562	1845	RGM	SGM
spire_mag_00825292	spire_mag_00873124	78.5667	466	1845	RGM	FSM
spire_mag_00825292	spire_mag_00709062	78.5494	447	1845	RGM	SGM
spire_mag_00825292	spire_mag_01680964	78.5257	562	1845	RGM	SGM
spire_mag_00825292	spire_mag_00874439	78.508	464	1845	RGM	FSM
spire_mag_00825292	spire_mag_02088418	78.4919	471	1845	RGM	FSM
spire_mag_00825292	spire_mag_02088284	78.3909	476	1845	RGM	FSM
spire_mag_00825292	spire_mag_01822855	78.3891	463	1845	RGM	FSM
spire_mag_01586430	spire_mag_01586673	99.7414	1625	1807	RGM	RGM
spire_mag_01586430	spire_mag_02520786	81.1698	879	1807	RGM	RGM
spire_mag_01586430	spire_mag_00825292	81.1572	932	1807	RGM	RGM
spire_mag_01586430	spire_mag_02298516	80.8807	970	1807	RGM	RGM
spire_mag_01586430	spire_mag_02294715	80.8566	1004	1807	RGM	RGM
spire_mag_01586430	spire_mag_02307626	80.8489	996	1807	RGM	RGM
spire_mag_01586430	spire_mag_02296681	80.8262	1000	1807	RGM	RGM
spire_mag_01586430	spire_mag_02299450	80.8181	944	1807	RGM	RGM
spire_mag_01586430	spire_mag_02519404	80.5959	916	1807	RGM	RGM
spire_mag_01586430	spire_mag_01112767	79.918	556	1807	RGM	FSM
spire_mag_01586430	spire_mag_02088330	79.6859	637	1807	RGM	FSM
spire_mag_01586430	spire_mag_02088287	79.6849	626	1807	RGM	FSM
spire_mag_01586430	spire_mag_02087828	79.6735	644	1807	RGM	FSM
spire_mag_01586430	spire_mag_01882647	79.5961	593	1807	RGM	FSM
spire_mag_01586430	spire_mag_02598702	79.5938	708	1807	RGM	SGM
spire_mag_01586430	spire_mag_02100063	79.4341	583	1807	RGM	FSM
spire_mag_01586430	spire_mag_01753708	79.4262	574	1807	RGM	FSM
spire_mag_01586430	spire_mag_01823769	79.3353	728	1807	RGM	SGM
spire_mag_01586430	spire_mag_01733412	79.1917	793	1807	RGM	SGM
spire_mag_01586430	spire_mag_02001409	79.1559	679	1807	RGM	SGM
spire_mag_01586430	spire_mag_00492514	79.0282	867	1807	RGM	RGM
spire_mag_01586430	spire_mag_00493620	79.0059	878	1807	RGM	RGM
spire_mag_01586430	spire_mag_01680964	78.836	603	1807	RGM	SGM
spire_mag_01586430	spire_mag_01678249	78.8073	611	1807	RGM	SGM
spire_mag_01586430	spire_mag_01679848	78.767	614	1807	RGM	SGM
spire_mag_01586430	spire_mag_00874439	78.653	477	1807	RGM	FSM
spire_mag_01586430	spire_mag_00873124	78.6442	485	1807	RGM	FSM
spire_mag_01586430	spire_mag_02088284	78.3608	508	1807	RGM	FSM
spire_mag_01586430	spire_mag_01822855	78.237	494	1807	RGM	FSM
spire_mag_01586430	spire_mag_00709062	78.2004	490	1807	RGM	SGM
spire_mag_01586430	spire_mag_02088418	78.113	518	1807	RGM	FSM
spire_mag_01586673	spire_mag_01586430	99.7965	1617	1737	RGM	RGM
spire_mag_01586673	spire_mag_00825292	81.1171	924	1737	RGM	RGM
spire_mag_01586673	spire_mag_02520786	81.0587	903	1737	RGM	RGM
spire_mag_01586673	spire_mag_02294715	80.7482	996	1737	RGM	RGM
spire_mag_01586673	spire_mag_02307626	80.7301	987	1737	RGM	RGM
spire_mag_01586673	spire_mag_02298516	80.7267	978	1737	RGM	RGM
spire_mag_01586673	spire_mag_02299450	80.6974	952	1737	RGM	RGM
spire_mag_01586673	spire_mag_02296681	80.6969	985	1737	RGM	RGM
spire_mag_01586673	spire_mag_02519404	80.6371	889	1737	RGM	RGM
spire_mag_01586673	spire_mag_02088330	79.7382	599	1737	RGM	FSM
spire_mag_01586673	spire_mag_02088287	79.693	596	1737	RGM	FSM
spire_mag_01586673	spire_mag_01112767	79.6249	575	1737	RGM	FSM
spire_mag_01586673	spire_mag_02087828	79.5778	628	1737	RGM	FSM
spire_mag_01586673	spire_mag_02598702	79.5284	697	1737	RGM	SGM
spire_mag_01586673	spire_mag_01882647	79.4371	594	1737	RGM	FSM
spire_mag_01586673	spire_mag_01823769	79.4049	709	1737	RGM	SGM
spire_mag_01586673	spire_mag_02100063	79.3991	561	1737	RGM	FSM
spire_mag_01586673	spire_mag_01753708	79.3544	558	1737	RGM	FSM
spire_mag_01586673	spire_mag_00493620	79.0392	853	1737	RGM	RGM
spire_mag_01586673	spire_mag_01733412	79.0276	789	1737	RGM	SGM
spire_mag_01586673	spire_mag_00492514	79.0095	839	1737	RGM	RGM
spire_mag_01586673	spire_mag_02001409	78.8958	677	1737	RGM	SGM
spire_mag_01586673	spire_mag_01679848	78.7032	604	1737	RGM	SGM
spire_mag_01586673	spire_mag_01678249	78.676	610	1737	RGM	SGM
spire_mag_01586673	spire_mag_01680964	78.6665	615	1737	RGM	SGM
spire_mag_01586673	spire_mag_00874439	78.5573	471	1737	RGM	FSM
spire_mag_01586673	spire_mag_00873124	78.5005	475	1737	RGM	FSM
spire_mag_01586673	spire_mag_02088284	78.3416	496	1737	RGM	FSM
spire_mag_01586673	spire_mag_02088418	78.208	492	1737	RGM	FSM
spire_mag_01586673	spire_mag_00709062	78.1832	461	1737	RGM	SGM
spire_mag_01586673	spire_mag_01822855	78.1279	473	1737	RGM	FSM
spire_mag_02299450	spire_mag_02296681	99.8901	1760	1885	RGM	RGM
spire_mag_02299450	spire_mag_02307626	99.8668	1746	1885	RGM	RGM
spire_mag_02299450	spire_mag_02294715	99.8559	1754	1885	RGM	RGM
spire_mag_02299450	spire_mag_02298516	99.8131	1739	1885	RGM	RGM
spire_mag_02299450	spire_mag_01586430	80.8671	929	1885	RGM	RGM
spire_mag_02299450	spire_mag_01586673	80.8596	922	1885	RGM	RGM
spire_mag_02299450	spire_mag_02520786	79.9879	767	1885	RGM	RGM
spire_mag_02299450	spire_mag_00825292	79.9003	805	1885	RGM	RGM
spire_mag_02299450	spire_mag_02519404	79.4169	744	1885	RGM	RGM
spire_mag_02299450	spire_mag_02088330	79.129	499	1885	RGM	FSM
spire_mag_02299450	spire_mag_02087828	79.0571	504	1885	RGM	FSM
spire_mag_02299450	spire_mag_02088287	78.9626	508	1885	RGM	FSM
spire_mag_02299450	spire_mag_01112767	78.8419	474	1885	RGM	FSM
spire_mag_02299450	spire_mag_01882647	78.6428	502	1885	RGM	FSM
spire_mag_02299450	spire_mag_02598702	78.6293	580	1885	RGM	SGM
spire_mag_02299450	spire_mag_02100063	78.529	483	1885	RGM	FSM
spire_mag_02299450	spire_mag_00493620	78.4462	682	1885	RGM	RGM
spire_mag_02299450	spire_mag_00492514	78.4221	683	1885	RGM	RGM
spire_mag_02299450	spire_mag_01823769	78.4114	590	1885	RGM	SGM
spire_mag_02299450	spire_mag_01753708	78.3503	487	1885	RGM	FSM
spire_mag_02299450	spire_mag_01733412	78.3477	635	1885	RGM	SGM
spire_mag_02299450	spire_mag_01678249	78.1819	465	1885	RGM	SGM
spire_mag_02299450	spire_mag_01680964	78.1595	477	1885	RGM	SGM
spire_mag_02299450	spire_mag_00709062	78.0676	365	1885	RGM	SGM
spire_mag_02299450	spire_mag_01679848	78.0464	481	1885	RGM	SGM
spire_mag_02299450	spire_mag_00874439	78.0277	406	1885	RGM	FSM
spire_mag_02299450	spire_mag_00873124	78.0231	411	1885	RGM	FSM
spire_mag_02299450	spire_mag_02001409	77.9815	543	1885	RGM	SGM
spire_mag_02299450	spire_mag_01822855	77.9344	397	1885	RGM	FSM
spire_mag_02299450	spire_mag_02088284	77.8726	429	1885	RGM	FSM
spire_mag_02299450	spire_mag_02088418	77.7144	430	1885	RGM	FSM
spire_mag_02298516	spire_mag_02294715	99.9486	1845	1937	RGM	RGM
spire_mag_02298516	spire_mag_02307626	99.9228	1843	1937	RGM	RGM
spire_mag_02298516	spire_mag_02296681	99.9041	1808	1937	RGM	RGM
spire_mag_02298516	spire_mag_02299450	99.797	1733	1937	RGM	RGM
spire_mag_02298516	spire_mag_01586430	80.9468	957	1937	RGM	RGM
spire_mag_02298516	spire_mag_01586673	80.8299	955	1937	RGM	RGM
spire_mag_02298516	spire_mag_02520786	79.9653	796	1937	RGM	RGM
spire_mag_02298516	spire_mag_00825292	79.9225	839	1937	RGM	RGM
spire_mag_02298516	spire_mag_02519404	79.398	752	1937	RGM	RGM
spire_mag_02298516	spire_mag_02088330	79.1131	537	1937	RGM	FSM
spire_mag_02298516	spire_mag_02088287	79.0613	532	1937	RGM	FSM
spire_mag_02298516	spire_mag_02087828	79.0078	558	1937	RGM	FSM
spire_mag_02298516	spire_mag_01112767	78.9607	490	1937	RGM	FSM
spire_mag_02298516	spire_mag_01882647	78.868	515	1937	RGM	FSM
spire_mag_02298516	spire_mag_02100063	78.6904	507	1937	RGM	FSM
spire_mag_02298516	spire_mag_02598702	78.6076	617	1937	RGM	SGM
spire_mag_02298516	spire_mag_01753708	78.5869	514	1937	RGM	FSM
spire_mag_02298516	spire_mag_01823769	78.5266	603	1937	RGM	SGM
spire_mag_02298516	spire_mag_01733412	78.4672	673	1937	RGM	SGM
spire_mag_02298516	spire_mag_00493620	78.3826	725	1937	RGM	RGM
spire_mag_02298516	spire_mag_00492514	78.3119	728	1937	RGM	RGM
spire_mag_02298516	spire_mag_00873124	78.3014	426	1937	RGM	FSM
spire_mag_02298516	spire_mag_00874439	78.2696	419	1937	RGM	FSM
spire_mag_02298516	spire_mag_01680964	78.1921	494	1937	RGM	SGM
spire_mag_02298516	spire_mag_02001409	78.143	568	1937	RGM	SGM
spire_mag_02298516	spire_mag_01678249	78.1071	497	1937	RGM	SGM
spire_mag_02298516	spire_mag_01679848	78.0961	495	1937	RGM	SGM
spire_mag_02298516	spire_mag_00709062	78.0627	388	1937	RGM	SGM
spire_mag_02298516	spire_mag_02088284	77.8902	447	1937	RGM	FSM
spire_mag_02298516	spire_mag_01822855	77.8506	423	1937	RGM	FSM
spire_mag_02298516	spire_mag_02088418	77.7342	451	1937	RGM	FSM
spire_mag_02307626	spire_mag_02294715	99.9518	1845	1961	RGM	RGM
spire_mag_02307626	spire_mag_02298516	99.9345	1832	1961	RGM	RGM
spire_mag_02307626	spire_mag_02296681	99.921	1825	1961	RGM	RGM
spire_mag_02307626	spire_mag_02299450	99.8406	1736	1961	RGM	RGM
spire_mag_02307626	spire_mag_01586430	80.8722	967	1961	RGM	RGM
spire_mag_02307626	spire_mag_01586673	80.8032	961	1961	RGM	RGM
spire_mag_02307626	spire_mag_02520786	80.0497	803	1961	RGM	RGM
spire_mag_02307626	spire_mag_00825292	79.8652	856	1961	RGM	RGM
spire_mag_02307626	spire_mag_02519404	79.4994	754	1961	RGM	RGM
spire_mag_02307626	spire_mag_02088330	79.1625	521	1961	RGM	FSM
spire_mag_02307626	spire_mag_02088287	79.1115	528	1961	RGM	FSM
spire_mag_02307626	spire_mag_02087828	79.1077	531	1961	RGM	FSM
spire_mag_02307626	spire_mag_01112767	79.0321	485	1961	RGM	FSM
spire_mag_02307626	spire_mag_02100063	78.7505	499	1961	RGM	FSM
spire_mag_02307626	spire_mag_02598702	78.7307	595	1961	RGM	SGM
spire_mag_02307626	spire_mag_01882647	78.7123	507	1961	RGM	FSM
spire_mag_02307626	spire_mag_01753708	78.6478	507	1961	RGM	FSM
spire_mag_02307626	spire_mag_01733412	78.5696	657	1961	RGM	SGM
spire_mag_02307626	spire_mag_01823769	78.4753	612	1961	RGM	SGM
spire_mag_02307626	spire_mag_00493620	78.4688	712	1961	RGM	RGM
spire_mag_02307626	spire_mag_00492514	78.3444	722	1961	RGM	RGM
spire_mag_02307626	spire_mag_00873124	78.3338	418	1961	RGM	FSM
spire_mag_02307626	spire_mag_00874439	78.3241	411	1961	RGM	FSM
spire_mag_02307626	spire_mag_01680964	78.2769	501	1961	RGM	SGM
spire_mag_02307626	spire_mag_01678249	78.2745	486	1961	RGM	SGM
spire_mag_02307626	spire_mag_02001409	78.2722	552	1961	RGM	SGM
spire_mag_02307626	spire_mag_01679848	78.1597	496	1961	RGM	SGM
spire_mag_02307626	spire_mag_00709062	78.1129	373	1961	RGM	SGM
spire_mag_02307626	spire_mag_02088284	78.0221	430	1961	RGM	FSM
spire_mag_02307626	spire_mag_01822855	78.0054	416	1961	RGM	FSM
spire_mag_02307626	spire_mag_02088418	77.8827	439	1961	RGM	FSM
spire_mag_02296681	spire_mag_02294715	99.9375	1829	1918	RGM	RGM
spire_mag_02296681	spire_mag_02298516	99.9137	1810	1918	RGM	RGM
spire_mag_02296681	spire_mag_02307626	99.9093	1835	1918	RGM	RGM
spire_mag_02296681	spire_mag_02299450	99.828	1748	1918	RGM	RGM
spire_mag_02296681	spire_mag_01586430	80.8869	986	1918	RGM	RGM
spire_mag_02296681	spire_mag_01586673	80.8843	959	1918	RGM	RGM
spire_mag_02296681	spire_mag_02520786	80.0652	794	1918	RGM	RGM
spire_mag_02296681	spire_mag_00825292	80.0053	831	1918	RGM	RGM
spire_mag_02296681	spire_mag_02519404	79.4547	764	1918	RGM	RGM
spire_mag_02296681	spire_mag_02088287	79.0986	528	1918	RGM	FSM
spire_mag_02296681	spire_mag_02088330	79.0492	531	1918	RGM	FSM
spire_mag_02296681	spire_mag_02087828	78.9695	544	1918	RGM	FSM
spire_mag_02296681	spire_mag_01112767	78.946	483	1918	RGM	FSM
spire_mag_02296681	spire_mag_01882647	78.7671	512	1918	RGM	FSM
spire_mag_02296681	spire_mag_02598702	78.6472	603	1918	RGM	SGM
spire_mag_02296681	spire_mag_02100063	78.6439	508	1918	RGM	FSM
spire_mag_02296681	spire_mag_00493620	78.5801	705	1918	RGM	RGM
spire_mag_02296681	spire_mag_01753708	78.5768	509	1918	RGM	FSM
spire_mag_02296681	spire_mag_01823769	78.5101	607	1918	RGM	SGM
spire_mag_02296681	spire_mag_00492514	78.4687	724	1918	RGM	RGM
spire_mag_02296681	spire_mag_01733412	78.4578	670	1918	RGM	SGM
spire_mag_02296681	spire_mag_00874439	78.252	414	1918	RGM	FSM
spire_mag_02296681	spire_mag_00873124	78.2507	425	1918	RGM	FSM
spire_mag_02296681	spire_mag_02001409	78.1924	562	1918	RGM	SGM
spire_mag_02296681	spire_mag_01680964	78.1291	507	1918	RGM	SGM
spire_mag_02296681	spire_mag_01678249	78.1168	500	1918	RGM	SGM
spire_mag_02296681	spire_mag_01679848	78.0888	498	1918	RGM	SGM
spire_mag_02296681	spire_mag_01822855	78.0086	423	1918	RGM	FSM
spire_mag_02296681	spire_mag_00709062	78.005	385	1918	RGM	SGM
spire_mag_02296681	spire_mag_02088284	77.9675	428	1918	RGM	FSM
spire_mag_02296681	spire_mag_02088418	77.892	443	1918	RGM	FSM
spire_mag_00492514	spire_mag_00493620	99.0159	2294	2539	RGM	RGM
spire_mag_00492514	spire_mag_01586673	78.9405	865	2539	RGM	RGM
spire_mag_00492514	spire_mag_01586430	78.93	865	2539	RGM	RGM
spire_mag_00492514	spire_mag_00825292	78.6231	699	2539	RGM	RGM
spire_mag_00492514	spire_mag_02520786	78.5838	666	2539	RGM	RGM
spire_mag_00492514	spire_mag_02519404	78.427	711	2539	RGM	RGM
spire_mag_00492514	spire_mag_02296681	78.3766	738	2539	RGM	RGM
spire_mag_00492514	spire_mag_02298516	78.3761	732	2539	RGM	RGM
spire_mag_00492514	spire_mag_02294715	78.3662	734	2539	RGM	RGM
spire_mag_00492514	spire_mag_02307626	78.3617	734	2539	RGM	RGM
spire_mag_00492514	spire_mag_02299450	78.3485	711	2539	RGM	RGM
spire_mag_00492514	spire_mag_01112767	78.0863	404	2539	RGM	FSM
spire_mag_00492514	spire_mag_02598702	77.9998	539	2539	RGM	SGM
spire_mag_00492514	spire_mag_01823769	77.8858	544	2539	RGM	SGM
spire_mag_00492514	spire_mag_01882647	77.8366	406	2539	RGM	FSM
spire_mag_00492514	spire_mag_02100063	77.7532	387	2539	RGM	FSM
spire_mag_00492514	spire_mag_01753708	77.6667	387	2539	RGM	FSM
spire_mag_00492514	spire_mag_02087828	77.6652	412	2539	RGM	FSM
spire_mag_00492514	spire_mag_02088330	77.659	413	2539	RGM	FSM
spire_mag_00492514	spire_mag_02088287	77.6379	416	2539	RGM	FSM
spire_mag_00492514	spire_mag_01679848	77.6181	453	2539	RGM	SGM
spire_mag_00492514	spire_mag_01733412	77.5601	598	2539	RGM	SGM
spire_mag_00492514	spire_mag_01678249	77.5456	447	2539	RGM	SGM
spire_mag_00492514	spire_mag_01822855	77.479	331	2539	RGM	FSM
spire_mag_00492514	spire_mag_01680964	77.4309	465	2539	RGM	SGM
spire_mag_00492514	spire_mag_00874439	77.4251	352	2539	RGM	FSM
spire_mag_00492514	spire_mag_00873124	77.3477	362	2539	RGM	FSM
spire_mag_00492514	spire_mag_02001409	77.2949	492	2539	RGM	SGM
spire_mag_00492514	spire_mag_02088284	77.2095	322	2539	RGM	FSM
spire_mag_00492514	spire_mag_02088418	77.1109	304	2539	RGM	FSM
spire_mag_00492514	spire_mag_00709062	77.012	299	2539	RGM	SGM
spire_mag_00493620	spire_mag_00492514	98.998	2282	2431	RGM	RGM
spire_mag_00493620	spire_mag_01586673	79.1167	850	2431	RGM	RGM
spire_mag_00493620	spire_mag_01586430	79.0377	865	2431	RGM	RGM
spire_mag_00493620	spire_mag_00825292	78.6142	702	2431	RGM	RGM
spire_mag_00493620	spire_mag_02520786	78.57	670	2431	RGM	RGM
spire_mag_00493620	spire_mag_02294715	78.4884	718	2431	RGM	RGM
spire_mag_00493620	spire_mag_02307626	78.4832	718	2431	RGM	RGM
spire_mag_00493620	spire_mag_02298516	78.4726	708	2431	RGM	RGM
spire_mag_00493620	spire_mag_02519404	78.4661	715	2431	RGM	RGM
spire_mag_00493620	spire_mag_02296681	78.4356	718	2431	RGM	RGM
spire_mag_00493620	spire_mag_02299450	78.3808	695	2431	RGM	RGM
spire_mag_00493620	spire_mag_02598702	78.0401	542	2431	RGM	SGM
spire_mag_00493620	spire_mag_01112767	77.9879	417	2431	RGM	FSM
spire_mag_00493620	spire_mag_01882647	77.8416	413	2431	RGM	FSM
spire_mag_00493620	spire_mag_01823769	77.8253	551	2431	RGM	SGM
spire_mag_00493620	spire_mag_02100063	77.8156	385	2431	RGM	FSM
spire_mag_00493620	spire_mag_01753708	77.7447	387	2431	RGM	FSM
spire_mag_00493620	spire_mag_02088287	77.7294	403	2431	RGM	FSM
spire_mag_00493620	spire_mag_01679848	77.7132	448	2431	RGM	SGM
spire_mag_00493620	spire_mag_02088330	77.6813	393	2431	RGM	FSM
spire_mag_00493620	spire_mag_02087828	77.6562	418	2431	RGM	FSM
spire_mag_00493620	spire_mag_01733412	77.5929	591	2431	RGM	SGM
spire_mag_00493620	spire_mag_00874439	77.59	336	2431	RGM	FSM
spire_mag_00493620	spire_mag_01678249	77.5222	458	2431	RGM	SGM
spire_mag_00493620	spire_mag_00873124	77.4886	343	2431	RGM	FSM
spire_mag_00493620	spire_mag_01680964	77.4554	463	2431	RGM	SGM
spire_mag_00493620	spire_mag_01822855	77.4476	326	2431	RGM	FSM
spire_mag_00493620	spire_mag_02001409	77.3642	468	2431	RGM	SGM
spire_mag_00493620	spire_mag_02088284	77.1907	318	2431	RGM	FSM
spire_mag_00493620	spire_mag_00709062	77.0246	300	2431	RGM	SGM
spire_mag_00493620	spire_mag_02088418	77.024	320	2431	RGM	FSM
spire_mag_02294715	spire_mag_02307626	99.9364	1853	1926	RGM	RGM
spire_mag_02294715	spire_mag_02298516	99.9362	1828	1926	RGM	RGM
spire_mag_02294715	spire_mag_02296681	99.9101	1822	1926	RGM	RGM
spire_mag_02294715	spire_mag_02299450	99.8461	1731	1926	RGM	RGM
spire_mag_02294715	spire_mag_01586430	80.9289	976	1926	RGM	RGM
spire_mag_02294715	spire_mag_01586673	80.9275	952	1926	RGM	RGM
spire_mag_02294715	spire_mag_02520786	80.0759	804	1926	RGM	RGM
spire_mag_02294715	spire_mag_00825292	79.9864	861	1926	RGM	RGM
spire_mag_02294715	spire_mag_02519404	79.4821	770	1926	RGM	RGM
spire_mag_02294715	spire_mag_02088330	79.1578	526	1926	RGM	FSM
spire_mag_02294715	spire_mag_02087828	79.0645	544	1926	RGM	FSM
spire_mag_02294715	spire_mag_02088287	79.047	539	1926	RGM	FSM
spire_mag_02294715	spire_mag_01112767	79.019	497	1926	RGM	FSM
spire_mag_02294715	spire_mag_01882647	78.9166	514	1926	RGM	FSM
spire_mag_02294715	spire_mag_02100063	78.7936	508	1926	RGM	FSM
spire_mag_02294715	spire_mag_02598702	78.7204	614	1926	RGM	SGM
spire_mag_02294715	spire_mag_00493620	78.623	709	1926	RGM	RGM
spire_mag_02294715	spire_mag_01753708	78.6224	515	1926	RGM	FSM
spire_mag_02294715	spire_mag_01733412	78.5557	678	1926	RGM	SGM
spire_mag_02294715	spire_mag_01823769	78.4836	620	1926	RGM	SGM
spire_mag_02294715	spire_mag_00492514	78.4506	730	1926	RGM	RGM
spire_mag_02294715	spire_mag_00873124	78.2395	426	1926	RGM	FSM
spire_mag_02294715	spire_mag_00874439	78.2309	420	1926	RGM	FSM
spire_mag_02294715	spire_mag_02001409	78.2174	565	1926	RGM	SGM
spire_mag_02294715	spire_mag_02088284	78.0894	443	1926	RGM	FSM
spire_mag_02294715	spire_mag_01678249	78.0876	518	1926	RGM	SGM
spire_mag_02294715	spire_mag_01680964	78.0741	530	1926	RGM	SGM
spire_mag_02294715	spire_mag_00709062	78.0658	387	1926	RGM	SGM
spire_mag_02294715	spire_mag_01679848	77.9717	530	1926	RGM	SGM
spire_mag_02294715	spire_mag_01822855	77.9493	435	1926	RGM	FSM
spire_mag_02294715	spire_mag_02088418	77.9087	448	1926	RGM	FSM
spire_mag_01678249	spire_mag_01680964	99.8156	1512	1625	SGM	SGM
spire_mag_01678249	spire_mag_01679848	99.241	1440	1625	SGM	SGM
spire_mag_01678249	spire_mag_01823769	81.064	916	1625	SGM	SGM
spire_mag_01678249	spire_mag_02001409	79.9441	782	1625	SGM	SGM
spire_mag_01678249	spire_mag_01733412	79.8419	860	1625	SGM	SGM
spire_mag_01678249	spire_mag_01586430	78.9401	604	1625	SGM	RGM
spire_mag_01678249	spire_mag_01586673	78.8538	599	1625	SGM	RGM
spire_mag_01678249	spire_mag_02520786	78.6339	532	1625	SGM	RGM
spire_mag_01678249	spire_mag_00825292	78.6205	546	1625	SGM	RGM
spire_mag_01678249	spire_mag_01112767	78.4077	370	1625	SGM	FSM
spire_mag_01678249	spire_mag_02519404	78.2828	551	1625	SGM	RGM
spire_mag_01678249	spire_mag_02307626	78.2389	492	1625	SGM	RGM
spire_mag_01678249	spire_mag_01753708	78.2293	345	1625	SGM	FSM
spire_mag_01678249	spire_mag_02294715	78.2168	496	1625	SGM	RGM
spire_mag_01678249	spire_mag_02298516	78.1985	482	1625	SGM	RGM
spire_mag_01678249	spire_mag_02598702	78.1691	466	1625	SGM	SGM
spire_mag_01678249	spire_mag_02100063	78.1539	359	1625	SGM	FSM
spire_mag_01678249	spire_mag_02299450	78.1432	469	1625	SGM	RGM
spire_mag_01678249	spire_mag_01882647	78.141	353	1625	SGM	FSM
spire_mag_01678249	spire_mag_02296681	78.115	499	1625	SGM	RGM
spire_mag_01678249	spire_mag_02088287	77.9382	372	1625	SGM	FSM
spire_mag_01678249	spire_mag_00874439	77.8921	304	1625	SGM	FSM
spire_mag_01678249	spire_mag_02087828	77.8708	379	1625	SGM	FSM
spire_mag_01678249	spire_mag_02088330	77.8575	376	1625	SGM	FSM
spire_mag_01678249	spire_mag_00873124	77.81	314	1625	SGM	FSM
spire_mag_01678249	spire_mag_00709062	77.7346	336	1625	SGM	SGM
spire_mag_01678249	spire_mag_00493620	77.7007	426	1625	SGM	RGM
spire_mag_01678249	spire_mag_00492514	77.5809	446	1625	SGM	RGM
spire_mag_01678249	spire_mag_02088284	77.5719	298	1625	SGM	FSM
spire_mag_01678249	spire_mag_01822855	77.4088	300	1625	SGM	FSM
spire_mag_01678249	spire_mag_02088418	77.2274	300	1625	SGM	FSM
spire_mag_01679848	spire_mag_01678249	99.1694	1435	1672	SGM	SGM
spire_mag_01679848	spire_mag_01680964	99.1553	1466	1672	SGM	SGM
spire_mag_01679848	spire_mag_01823769	80.9274	939	1672	SGM	SGM
spire_mag_01679848	spire_mag_02001409	79.8871	797	1672	SGM	SGM
spire_mag_01679848	spire_mag_01733412	79.7913	843	1672	SGM	SGM
spire_mag_01679848	spire_mag_01586673	78.746	602	1672	SGM	RGM
spire_mag_01679848	spire_mag_01586430	78.7416	610	1672	SGM	RGM
spire_mag_01679848	spire_mag_00825292	78.6646	556	1672	SGM	RGM
spire_mag_01679848	spire_mag_02520786	78.5744	530	1672	SGM	RGM
spire_mag_01679848	spire_mag_01112767	78.3005	373	1672	SGM	FSM
spire_mag_01679848	spire_mag_02519404	78.2667	543	1672	SGM	RGM
spire_mag_01679848	spire_mag_02100063	78.2051	354	1672	SGM	FSM
spire_mag_01679848	spire_mag_02294715	78.1933	495	1672	SGM	RGM
spire_mag_01679848	spire_mag_01753708	78.1799	350	1672	SGM	FSM
spire_mag_01679848	spire_mag_02307626	78.1715	501	1672	SGM	RGM
spire_mag_01679848	spire_mag_02296681	78.1559	495	1672	SGM	RGM
spire_mag_01679848	spire_mag_02598702	78.1429	482	1672	SGM	SGM
spire_mag_01679848	spire_mag_02298516	78.096	493	1672	SGM	RGM
spire_mag_01679848	spire_mag_02299450	78.0564	482	1672	SGM	RGM
spire_mag_01679848	spire_mag_02087828	78.0333	375	1672	SGM	FSM
spire_mag_01679848	spire_mag_02088330	78.0135	374	1672	SGM	FSM
spire_mag_01679848	spire_mag_01882647	77.9975	366	1672	SGM	FSM
spire_mag_01679848	spire_mag_02088287	77.908	391	1672	SGM	FSM
spire_mag_01679848	spire_mag_00493620	77.7097	449	1672	SGM	RGM
spire_mag_01679848	spire_mag_00709062	77.671	342	1672	SGM	SGM
spire_mag_01679848	spire_mag_00874439	77.6563	313	1672	SGM	FSM
spire_mag_01679848	spire_mag_00873124	77.5516	314	1672	SGM	FSM
spire_mag_01679848	spire_mag_00492514	77.5108	460	1672	SGM	RGM
spire_mag_01679848	spire_mag_01822855	77.5018	311	1672	SGM	FSM
spire_mag_01679848	spire_mag_02088284	77.3987	293	1672	SGM	FSM
spire_mag_01679848	spire_mag_02088418	77.1417	301	1672	SGM	FSM
spire_mag_01680964	spire_mag_01678249	99.7269	1500	1688	SGM	SGM
spire_mag_01680964	spire_mag_01679848	99.1656	1464	1688	SGM	SGM
spire_mag_01680964	spire_mag_01823769	81.0127	931	1688	SGM	SGM
spire_mag_01680964	spire_mag_02001409	79.9449	796	1688	SGM	SGM
spire_mag_01680964	spire_mag_01733412	79.6854	859	1688	SGM	SGM
spire_mag_01680964	spire_mag_01586430	78.8258	608	1688	SGM	RGM
spire_mag_01680964	spire_mag_01586673	78.8214	597	1688	SGM	RGM
spire_mag_01680964	spire_mag_00825292	78.6677	543	1688	SGM	RGM
spire_mag_01680964	spire_mag_02520786	78.6621	534	1688	SGM	RGM
spire_mag_01680964	spire_mag_02519404	78.3302	547	1688	SGM	RGM
spire_mag_01680964	spire_mag_01112767	78.3206	369	1688	SGM	FSM
spire_mag_01680964	spire_mag_02307626	78.2378	496	1688	SGM	RGM
spire_mag_01680964	spire_mag_02598702	78.1808	472	1688	SGM	SGM
spire_mag_01680964	spire_mag_02298516	78.1638	504	1688	SGM	RGM
spire_mag_01680964	spire_mag_02294715	78.1617	507	1688	SGM	RGM
spire_mag_01680964	spire_mag_02296681	78.1598	496	1688	SGM	RGM
spire_mag_01680964	spire_mag_02299450	78.145	477	1688	SGM	RGM
spire_mag_01680964	spire_mag_01753708	78.1352	352	1688	SGM	FSM
spire_mag_01680964	spire_mag_02100063	78.1328	355	1688	SGM	FSM
spire_mag_01680964	spire_mag_01882647	77.9688	357	1688	SGM	FSM
spire_mag_01680964	spire_mag_02088330	77.8937	370	1688	SGM	FSM
spire_mag_01680964	spire_mag_02088287	77.847	382	1688	SGM	FSM
spire_mag_01680964	spire_mag_00709062	77.8406	331	1688	SGM	SGM
spire_mag_01680964	spire_mag_02087828	77.839	383	1688	SGM	FSM
spire_mag_01680964	spire_mag_00874439	77.7719	309	1688	SGM	FSM
spire_mag_01680964	spire_mag_00873124	77.6572	316	1688	SGM	FSM
spire_mag_01680964	spire_mag_00493620	77.5443	436	1688	SGM	RGM
spire_mag_01680964	spire_mag_00492514	77.4895	444	1688	SGM	RGM
spire_mag_01680964	spire_mag_02088284	77.4529	290	1688	SGM	FSM
spire_mag_01680964	spire_mag_01822855	77.4469	311	1688	SGM	FSM
spire_mag_01680964	spire_mag_02088418	77.1509	296	1688	SGM	FSM
spire_mag_02598702	spire_mag_01586430	79.6641	683	1641	SGM	RGM
spire_mag_02598702	spire_mag_01586673	79.6441	671	1641	SGM	RGM
spire_mag_02598702	spire_mag_02001409	79.0856	650	1641	SGM	SGM
spire_mag_02598702	spire_mag_02519404	79.0776	594	1641	SGM	RGM
spire_mag_02598702	spire_mag_00825292	78.9599	576	1641	SGM	RGM
spire_mag_02598702	spire_mag_02520786	78.9588	588	1641	SGM	RGM
spire_mag_02598702	spire_mag_02298516	78.6978	583	1641	SGM	RGM
spire_mag_02598702	spire_mag_02307626	78.6774	587	1641	SGM	RGM
spire_mag_02598702	spire_mag_02296681	78.6766	586	1641	SGM	RGM
spire_mag_02598702	spire_mag_02294715	78.6644	584	1641	SGM	RGM
spire_mag_02598702	spire_mag_02299450	78.6241	564	1641	SGM	RGM
spire_mag_02598702	spire_mag_01823769	78.5634	544	1641	SGM	SGM
spire_mag_02598702	spire_mag_01112767	78.5492	416	1641	SGM	FSM
spire_mag_02598702	spire_mag_01733412	78.5232	547	1641	SGM	SGM
spire_mag_02598702	spire_mag_02087828	78.321	414	1641	SGM	FSM
spire_mag_02598702	spire_mag_01882647	78.3207	392	1641	SGM	FSM
spire_mag_02598702	spire_mag_01678249	78.3124	444	1641	SGM	SGM
spire_mag_02598702	spire_mag_02088287	78.279	406	1641	SGM	FSM
spire_mag_02598702	spire_mag_01679848	78.2632	457	1641	SGM	SGM
spire_mag_02598702	spire_mag_02088330	78.2579	414	1641	SGM	FSM
spire_mag_02598702	spire_mag_01680964	78.2551	463	1641	SGM	SGM
spire_mag_02598702	spire_mag_01753708	78.1945	386	1641	SGM	FSM
spire_mag_02598702	spire_mag_02100063	78.1751	387	1641	SGM	FSM
spire_mag_02598702	spire_mag_00493620	78.0809	525	1641	SGM	RGM
spire_mag_02598702	spire_mag_00492514	78.0494	520	1641	SGM	RGM
spire_mag_02598702	spire_mag_00709062	77.6441	311	1641	SGM	SGM
spire_mag_02598702	spire_mag_00873124	77.6335	326	1641	SGM	FSM
spire_mag_02598702	spire_mag_02088284	77.6275	301	1641	SGM	FSM
spire_mag_02598702	spire_mag_00874439	77.5971	326	1641	SGM	FSM
spire_mag_02598702	spire_mag_01822855	77.3417	332	1641	SGM	FSM
spire_mag_02598702	spire_mag_02088418	77.3343	321	1641	SGM	FSM
spire_mag_00709062	spire_mag_02520786	78.7529	420	1006	SGM	RGM
spire_mag_00709062	spire_mag_00825292	78.4662	458	1006	SGM	RGM
spire_mag_00709062	spire_mag_01733412	78.427	435	1006	SGM	SGM
spire_mag_00709062	spire_mag_01586673	78.3995	458	1006	SGM	RGM
spire_mag_00709062	spire_mag_01586430	78.3932	454	1006	SGM	RGM
spire_mag_00709062	spire_mag_02100063	78.2635	324	1006	SGM	FSM
spire_mag_00709062	spire_mag_02519404	78.2446	396	1006	SGM	RGM
spire_mag_00709062	spire_mag_01112767	78.2065	327	1006	SGM	FSM
spire_mag_00709062	spire_mag_01753708	78.1821	329	1006	SGM	FSM
spire_mag_00709062	spire_mag_02294715	78.1748	370	1006	SGM	RGM
spire_mag_00709062	spire_mag_02307626	78.1383	377	1006	SGM	RGM
spire_mag_00709062	spire_mag_02298516	78.0919	374	1006	SGM	RGM
spire_mag_00709062	spire_mag_02088287	78.0654	354	1006	SGM	FSM
spire_mag_00709062	spire_mag_02296681	78.0628	383	1006	SGM	RGM
spire_mag_00709062	spire_mag_02088330	78.0436	357	1006	SGM	FSM
spire_mag_00709062	spire_mag_02087828	77.9938	356	1006	SGM	FSM
spire_mag_00709062	spire_mag_02299450	77.9857	367	1006	SGM	RGM
spire_mag_00709062	spire_mag_01823769	77.9837	430	1006	SGM	SGM
spire_mag_00709062	spire_mag_02001409	77.95	397	1006	SGM	SGM
spire_mag_00709062	spire_mag_01882647	77.9298	333	1006	SGM	FSM
spire_mag_00709062	spire_mag_01679848	77.7615	340	1006	SGM	SGM
spire_mag_00709062	spire_mag_01680964	77.7477	345	1006	SGM	SGM
spire_mag_00709062	spire_mag_01678249	77.7408	341	1006	SGM	SGM
spire_mag_00709062	spire_mag_00874439	77.7138	282	1006	SGM	FSM
spire_mag_00709062	spire_mag_00873124	77.6925	285	1006	SGM	FSM
spire_mag_00709062	spire_mag_02598702	77.6772	319	1006	SGM	SGM
spire_mag_00709062	spire_mag_01822855	77.6407	259	1006	SGM	FSM
spire_mag_00709062	spire_mag_02088418	77.5985	278	1006	SGM	FSM
spire_mag_00709062	spire_mag_02088284	77.1641	262	1006	SGM	FSM
spire_mag_00709062	spire_mag_00492514	77.162	294	1006	SGM	RGM
spire_mag_00709062	spire_mag_00493620	77.1095	297	1006	SGM	RGM
spire_mag_02001409	spire_mag_01823769	80.0438	807	1931	SGM	SGM
spire_mag_02001409	spire_mag_01680964	79.8191	797	1931	SGM	SGM
spire_mag_02001409	spire_mag_01678249	79.8185	788	1931	SGM	SGM
spire_mag_02001409	spire_mag_01679848	79.7117	791	1931	SGM	SGM
spire_mag_02001409	spire_mag_01733412	79.2139	791	1931	SGM	SGM
spire_mag_02001409	spire_mag_01586673	79.1615	644	1931	SGM	RGM
spire_mag_02001409	spire_mag_02598702	79.151	663	1931	SGM	SGM
spire_mag_02001409	spire_mag_01586430	79.1163	647	1931	SGM	RGM
spire_mag_02001409	spire_mag_02520786	78.6861	583	1931	SGM	RGM
spire_mag_02001409	spire_mag_02519404	78.6051	567	1931	SGM	RGM
spire_mag_02001409	spire_mag_00825292	78.6003	597	1931	SGM	RGM
spire_mag_02001409	spire_mag_01112767	78.3187	416	1931	SGM	FSM
spire_mag_02001409	spire_mag_02088287	78.2124	423	1931	SGM	FSM
spire_mag_02001409	spire_mag_02087828	78.1966	431	1931	SGM	FSM
spire_mag_02001409	spire_mag_02298516	78.1461	547	1931	SGM	RGM
spire_mag_02001409	spire_mag_02307626	78.1171	550	1931	SGM	RGM
spire_mag_02001409	spire_mag_02296681	78.1145	561	1931	SGM	RGM
spire_mag_02001409	spire_mag_01882647	78.114	415	1931	SGM	FSM
spire_mag_02001409	spire_mag_02294715	78.1025	553	1931	SGM	RGM
spire_mag_02001409	spire_mag_02088330	78.0544	430	1931	SGM	FSM
spire_mag_02001409	spire_mag_02299450	78.0496	533	1931	SGM	RGM
spire_mag_02001409	spire_mag_02100063	78.0303	402	1931	SGM	FSM
spire_mag_02001409	spire_mag_00709062	77.9086	389	1931	SGM	SGM
spire_mag_02001409	spire_mag_01753708	77.8829	399	1931	SGM	FSM
spire_mag_02001409	spire_mag_00874439	77.6669	315	1931	SGM	FSM
spire_mag_02001409	spire_mag_00873124	77.6516	326	1931	SGM	FSM
spire_mag_02001409	spire_mag_00493620	77.5	440	1931	SGM	RGM
spire_mag_02001409	spire_mag_00492514	77.4824	460	1931	SGM	RGM
spire_mag_02001409	spire_mag_02088418	77.4728	336	1931	SGM	FSM
spire_mag_02001409	spire_mag_02088284	77.3167	336	1931	SGM	FSM
spire_mag_02001409	spire_mag_01822855	77.1804	313	1931	SGM	FSM
spire_mag_01823769	spire_mag_01678249	81.0314	920	1702	SGM	SGM
spire_mag_01823769	spire_mag_01679848	80.9219	929	1702	SGM	SGM
spire_mag_01823769	spire_mag_01680964	80.9189	945	1702	SGM	SGM
spire_mag_01823769	spire_mag_01733412	80.3032	962	1702	SGM	SGM
spire_mag_01823769	spire_mag_02001409	79.9113	826	1702	SGM	SGM
spire_mag_01823769	spire_mag_01586430	79.2805	723	1702	SGM	RGM
spire_mag_01823769	spire_mag_01586673	79.269	722	1702	SGM	RGM
spire_mag_01823769	spire_mag_02520786	79.1438	640	1702	SGM	RGM
spire_mag_01823769	spire_mag_00825292	78.8498	695	1702	SGM	RGM
spire_mag_01823769	spire_mag_01112767	78.6216	423	1702	SGM	FSM
spire_mag_01823769	spire_mag_02519404	78.6142	656	1702	SGM	RGM
spire_mag_01823769	spire_mag_01882647	78.5245	431	1702	SGM	FSM
spire_mag_01823769	spire_mag_02598702	78.5227	560	1702	SGM	SGM
spire_mag_01823769	spire_mag_02088330	78.4471	448	1702	SGM	FSM
spire_mag_01823769	spire_mag_02088287	78.4327	445	1702	SGM	FSM
spire_mag_01823769	spire_mag_02299450	78.4323	584	1702	SGM	RGM
spire_mag_01823769	spire_mag_02307626	78.4301	607	1702	SGM	RGM
spire_mag_01823769	spire_mag_02294715	78.401	621	1702	SGM	RGM
spire_mag_01823769	spire_mag_02087828	78.3807	462	1702	SGM	FSM
spire_mag_01823769	spire_mag_02298516	78.3627	613	1702	SGM	RGM
spire_mag_01823769	spire_mag_02296681	78.3225	615	1702	SGM	RGM
spire_mag_01823769	spire_mag_02100063	78.2317	401	1702	SGM	FSM
spire_mag_01823769	spire_mag_01753708	78.2149	401	1702	SGM	FSM
spire_mag_01823769	spire_mag_00709062	78.1811	414	1702	SGM	SGM
spire_mag_01823769	spire_mag_00493620	77.9501	528	1702	SGM	RGM
spire_mag_01823769	spire_mag_00492514	77.8496	539	1702	SGM	RGM
spire_mag_01823769	spire_mag_00874439	77.7787	360	1702	SGM	FSM
spire_mag_01823769	spire_mag_00873124	77.7532	357	1702	SGM	FSM
spire_mag_01823769	spire_mag_01822855	77.7178	351	1702	SGM	FSM
spire_mag_01823769	spire_mag_02088284	77.698	327	1702	SGM	FSM
spire_mag_01823769	spire_mag_02088418	77.5693	339	1702	SGM	FSM
spire_mag_01733412	spire_mag_01823769	80.363	962	2161	SGM	SGM
spire_mag_01733412	spire_mag_01678249	79.7193	878	2161	SGM	SGM
spire_mag_01733412	spire_mag_01679848	79.707	867	2161	SGM	SGM
spire_mag_01733412	spire_mag_01680964	79.6571	887	2161	SGM	SGM
spire_mag_01733412	spire_mag_02520786	79.3689	664	2161	SGM	RGM
spire_mag_01733412	spire_mag_00825292	79.1803	717	2161	SGM	RGM
spire_mag_01733412	spire_mag_02001409	79.0981	799	2161	SGM	SGM
spire_mag_01733412	spire_mag_01586430	79.0661	802	2161	SGM	RGM
spire_mag_01733412	spire_mag_01586673	79.0407	807	2161	SGM	RGM
spire_mag_01733412	spire_mag_02519404	78.7917	716	2161	SGM	RGM
spire_mag_01733412	spire_mag_01112767	78.6619	476	2161	SGM	FSM
spire_mag_01733412	spire_mag_02088287	78.5698	501	2161	SGM	FSM
spire_mag_01733412	spire_mag_02087828	78.5668	515	2161	SGM	FSM
spire_mag_01733412	spire_mag_01753708	78.5333	442	2161	SGM	FSM
spire_mag_01733412	spire_mag_02088330	78.5094	502	2161	SGM	FSM
spire_mag_01733412	spire_mag_01882647	78.4655	470	2161	SGM	FSM
spire_mag_01733412	spire_mag_02307626	78.4351	694	2161	SGM	RGM
spire_mag_01733412	spire_mag_02100063	78.4324	465	2161	SGM	FSM
spire_mag_01733412	spire_mag_02298516	78.4242	682	2161	SGM	RGM
spire_mag_01733412	spire_mag_02296681	78.4052	675	2161	SGM	RGM
spire_mag_01733412	spire_mag_02299450	78.4046	659	2161	SGM	RGM
spire_mag_01733412	spire_mag_02294715	78.4011	690	2161	SGM	RGM
spire_mag_01733412	spire_mag_02598702	78.3937	613	2161	SGM	SGM
spire_mag_01733412	spire_mag_00709062	78.2043	442	2161	SGM	SGM
spire_mag_01733412	spire_mag_00873124	78.1056	396	2161	SGM	FSM
spire_mag_01733412	spire_mag_00874439	78.0787	382	2161	SGM	FSM
spire_mag_01733412	spire_mag_02088284	77.7388	380	2161	SGM	FSM
spire_mag_01733412	spire_mag_02088418	77.5968	408	2161	SGM	FSM
spire_mag_01733412	spire_mag_00492514	77.5915	599	2161	SGM	RGM
spire_mag_01733412	spire_mag_00493620	77.5902	594	2161	SGM	RGM
spire_mag_01733412	spire_mag_01822855	77.5227	408	2161	SGM	FSM
